file,date,n_sites,wbt_mean,spatial_variance,lambda_weighted,graph_h_0.125,graph_h_0.250,graph_h_0.500,graph_h_1.000,graph_h_2.000
era5_201506_consistent.csv,2015-06-01,121,19.7848986618563,36.1017903505047,13.6673703895535,3.49072080993267,6.24073943064267,13.1862672365815,24.7202207585074,32.6587136997191
era5_201506_consistent.csv,2015-06-02,121,19.1994717306641,44.7918671249184,16.1747017244617,3.28851904514172,6.57874180691409,15.5939272357585,30.5033891392651,40.5062756317343
era5_201506_consistent.csv,2015-06-03,121,17.9551800995447,33.3151026991601,9.35109330638087,3.13780248722738,5.38882463827329,10.6223158449679,21.0898844657555,29.4387220767976
era5_201506_consistent.csv,2015-06-04,121,17.0130946750694,31.1268312113462,10.127850306493,3.2277927843869,5.60964077452606,11.079291370559,20.7074315945819,27.9020675015552
era5_201506_consistent.csv,2015-06-05,121,17.6096588725022,22.7536122531024,7.20048916156224,3.02009614923674,4.91067003453951,8.90360455563925,15.43840184464,20.4282927778741
era5_201506_consistent.csv,2015-06-06,121,18.4469366781745,29.4065681323556,10.959353130718,3.41311880820273,5.73150788819463,11.0203282832228,19.8224648156472,26.4100587191099
era5_201506_consistent.csv,2015-06-07,121,18.4825789760714,34.6977465196682,12.167860539386,3.27323010033015,6.10908163689759,12.7399715759913,23.4058756056648,31.2076236456319
era5_201506_consistent.csv,2015-06-08,121,18.2660966923522,28.9653989787376,8.52233084080212,3.17436807563766,5.43373928827047,10.6164528209438,19.5815126284957,26.0802281299701
era5_201506_consistent.csv,2015-06-09,121,19.3365829581258,19.6019164132422,5.90946234790701,2.19227761957802,3.80514783675507,7.30590459977828,13.116239470981,17.549081213268
era5_201506_consistent.csv,2015-06-10,121,19.4415000075699,36.3817869981427,14.5492854414592,3.74114187254135,7.09484203674881,15.232535630804,26.9332827492044,33.7569641155037
era5_201506_consistent.csv,2015-06-11,121,17.9861497587616,28.5028080820297,8.52548869239325,2.92594715876854,4.94107389491794,10.1890877571243,19.637863499972,25.9063070446719
era5_201506_consistent.csv,2015-06-12,121,18.4196976519598,27.8352600969336,9.05714607874977,2.47053007025913,4.28351138455199,9.53140967957036,18.8924791995581,25.1825621767338
era5_201506_consistent.csv,2015-06-13,121,19.0217901609349,24.5379153658348,7.64668783437763,2.84986010673711,4.83969785102228,9.62385629433744,17.4248407384375,22.4656820909034
era5_201506_consistent.csv,2015-06-14,121,19.4832441385947,20.8758964856494,6.47543113784098,2.28791949976776,3.87259356756058,7.72046438816771,14.3592869904755,18.9216276319054
era5_201506_consistent.csv,2015-06-15,121,20.3895968583583,17.0740865782439,5.06114304145291,1.89982096913492,3.0612131238411,6.15153101335645,11.7728152012074,15.5112805557992
era5_201506_consistent.csv,2015-06-16,121,20.7216883459883,16.50127488035,5.16960134687895,2.04962750283461,3.30487780294601,6.43971296805507,11.7533570410777,15.1324209576874
era5_201506_consistent.csv,2015-06-17,121,20.4371389119068,16.559914435345,5.53330724637473,2.37768808943775,3.71147092214917,6.57089047935243,11.6072117249332,15.0907213925811
era5_201506_consistent.csv,2015-06-18,121,19.2687155524112,25.7572141339195,8.82235328995792,2.87975782007873,5.01339097973294,9.59588344778226,17.1597890184653,23.0438960433998
era5_201506_consistent.csv,2015-06-19,121,19.5233374504971,24.6264143415632,9.08002537189407,2.65962372243774,4.90333631157894,9.77831180670235,17.0883650765041,22.3190872358349
era5_201506_consistent.csv,2015-06-20,121,19.6527395796017,24.1546615999325,8.13068177911842,2.3265272943381,3.93321530552438,8.33689382782639,16.3728637666606,21.8504680142555
era5_201506_consistent.csv,2015-06-21,121,19.7505671663771,19.1443318833176,6.01160002546939,2.23982556248352,3.68223893792325,6.97251782555111,12.8638636671493,17.2186321564974
era5_201506_consistent.csv,2015-06-22,121,20.7260293466982,15.3589574474659,4.70970312073518,1.61759714389797,2.69045872469893,5.24087946433622,10.097103323468,13.7346511196078
era5_201506_consistent.csv,2015-06-23,121,21.4869692460995,15.7350814000023,5.48659671254465,2.18860366653549,3.5028221534375,6.53242989700924,11.4060427938676,14.4815236205458
era5_201506_consistent.csv,2015-06-24,121,21.5019682692866,16.9424678191592,5.51624178839045,2.03068857630336,3.45107074101415,7.06322502916378,12.5728870194982,15.7399950908771
era5_201506_consistent.csv,2015-06-25,121,21.5863424070665,16.5747446347661,5.49923284170593,2.03383396749666,3.4182302330948,6.69856948825259,12.0455431865165,15.3010964494366
era5_201506_consistent.csv,2015-06-26,121,22.1215236288894,14.5222689871965,5.35496013377752,2.19159201836593,3.39463436181963,6.02511262532173,10.4228867042565,13.3250968516496
era5_201506_consistent.csv,2015-06-27,121,22.1819149622679,13.5885875639008,4.67100155487802,2.30616809476955,3.5994072529405,6.15587692543424,10.0828986783733,12.5818682015245
era5_201506_consistent.csv,2015-06-28,121,22.4885960553924,12.6228416850907,3.85714435257336,2.54472809557636,3.88260950656748,6.28729744832443,9.74335918976991,11.818646960596
era5_201506_consistent.csv,2015-06-29,121,22.0482293662772,20.9412715311234,6.75243314788968,2.77918337145307,4.5640737787595,8.36448153091808,14.758662959916,19.0701565012449
era5_201506_consistent.csv,2015-06-30,121,21.1556947559514,23.1463682486166,7.20872689559178,2.38760337491045,3.9577265555742,7.77251105030591,15.2120790521838,20.7016895716662
era5_201507_consistent.csv,2015-07-01,121,20.5610436442535,26.8646901452905,8.58412694851473,3.11949007846408,5.66700882422231,10.9002169955358,18.6470154923251,24.2928153554176
era5_201507_consistent.csv,2015-07-02,121,20.5571149035897,29.0375850841076,9.68612978714229,2.99025243055621,5.25045465402473,10.9429989966734,20.0212206793988,26.2918567393523
era5_201507_consistent.csv,2015-07-03,121,19.9858634396001,26.1984857271462,7.94644375982506,3.13715592585656,5.28902893466359,10.2690526300765,18.1483880799093,23.7252297287998
era5_201507_consistent.csv,2015-07-04,121,19.2082977677165,15.321454907464,4.96470244830863,3.01952881756557,5.03222571795359,8.06027805467144,11.406396050152,14.0526790534835
era5_201507_consistent.csv,2015-07-05,121,18.9577181449519,9.49971098358231,2.63933511523834,2.61963022172545,4.16326422371018,6.10403785403473,7.75686327939162,8.95802708826866
era5_201507_consistent.csv,2015-07-06,121,19.0464175998595,6.81680098373719,1.86770673200555,2.04833395119242,3.19589189348797,4.51363808483648,5.63892693255206,6.46087818000776
era5_201507_consistent.csv,2015-07-07,121,19.1588900815758,6.0568157388942,2.07013515352349,1.79487143332964,2.77581147151492,4.05045888300982,5.07807330435935,5.7616195054904
era5_201507_consistent.csv,2015-07-08,121,19.398423591964,7.95358613312387,3.17837083185198,2.02771229348048,2.99511857982297,4.57458290724211,6.38165301848225,7.50300480065746
era5_201507_consistent.csv,2015-07-09,121,19.6483463902123,9.84547215697885,3.33753471751723,1.89889819973217,2.93595989646334,4.77168393148485,7.5155023747261,9.19716482392511
era5_201507_consistent.csv,2015-07-10,121,20.5978942888033,11.3794983963893,4.07075269168695,1.94546603267588,3.09585608190885,5.71368481111771,9.10843075620791,10.8087539784224
era5_201507_consistent.csv,2015-07-11,121,21.3793704371067,12.288073889959,4.89834841091771,2.26226615982956,3.77269123093644,6.69631995142941,9.90573061619088,11.6476557825045
era5_201507_consistent.csv,2015-07-12,121,21.9618314799568,17.0641312447142,6.18059069942509,2.71605481702695,4.53261260414835,8.26253234276886,13.1619855236166,15.9853028790562
era5_201507_consistent.csv,2015-07-13,121,22.013916205966,25.5706761948826,10.0504100905661,3.23544806023654,5.66905950872172,11.4794221511869,19.314564270057,23.8281147778501
era5_201507_consistent.csv,2015-07-14,121,22.2125829978331,23.8175417609806,9.87253699393439,2.92120044554316,5.18325397999397,10.6749234589724,18.0016709765403,22.2055751927543
era5_201507_consistent.csv,2015-07-15,121,21.1959419550978,23.3574625745525,8.6757488396372,3.09107144054397,5.33522198593983,10.4247940589311,17.5765613592108,21.7523852425987
era5_201507_consistent.csv,2015-07-16,121,20.496761679337,19.2367631511194,6.29505227234074,2.74997375702701,4.61671838130807,8.37060715670043,14.1247806364165,17.770958246331
era5_201507_consistent.csv,2015-07-17,121,20.7756623374743,15.5743732345175,5.4655780529757,2.61556028440271,4.30763674139288,7.42918015992693,11.7155349940201,14.4503350853742
era5_201507_consistent.csv,2015-07-18,121,21.275765791425,14.3885186341972,5.34463660154833,2.5283773018972,4.10800798556109,6.99026422268509,10.8993001008035,13.3781004509895
era5_201507_consistent.csv,2015-07-19,121,21.6681222574575,13.9490363066247,5.14388172077537,2.41833602180706,3.94367054349495,6.77443375024854,10.6274504155804,13.0017875545507
era5_201507_consistent.csv,2015-07-20,121,22.1584504735071,12.9693534740393,4.87721483794426,2.23107148115755,3.73580836901992,6.48039142210946,10.0486783726717,12.1572999920745
era5_201507_consistent.csv,2015-07-21,121,22.6234360212646,11.4992372093482,4.6045221633271,2.13470932589649,3.43480498028174,5.92310618153112,9.1404486160191,10.8796830838707
era5_201507_consistent.csv,2015-07-22,121,22.5030783787693,14.927092449208,5.84407255431376,2.69652754236603,4.40915469630174,7.84294438896255,11.9936469820275,14.1655269357457
era5_201507_consistent.csv,2015-07-23,121,21.7903591664566,18.6365288263514,7.48353831406306,3.43154222302135,5.72364523323274,10.0567903643314,15.1021119188321,17.7250892671107
era5_201507_consistent.csv,2015-07-24,121,21.5472048681171,18.091630139152,7.21060550529867,3.24379379168972,5.35440077974804,9.61777678546636,14.7121555813323,17.2472293641776
era5_201507_consistent.csv,2015-07-25,121,21.9255616966226,16.2430157074141,6.29160816916727,3.39906257632981,5.50807426417349,9.52129377706662,13.7679131861534,15.6736608831193
era5_201507_consistent.csv,2015-07-26,121,22.2002452424729,16.447143901378,6.25611348930202,3.5645473566807,5.64694448277672,9.46023515669459,13.7039418441358,15.7714515958859
era5_201507_consistent.csv,2015-07-27,121,22.7611406998447,10.9852872014766,4.11365262936083,2.55807724392918,3.8701273564723,6.40826525780509,9.23725239697395,10.5627189522171
era5_201507_consistent.csv,2015-07-28,121,22.8778970435508,9.66423738484997,3.68031229157946,2.22962574164987,3.40427515438106,5.83264791113323,8.35224723357349,9.38325661204932
era5_201507_consistent.csv,2015-07-29,121,22.9038274206701,11.2768604258398,4.65448548139407,2.41872637500614,3.8193598148483,6.64489746066147,9.57073292232483,10.8780641504368
era5_201507_consistent.csv,2015-07-30,121,22.5532365088269,12.0830709334024,5.14784673290313,2.26825663858299,3.89207205557208,7.15319343060905,10.2645411612449,11.6467396028599
era5_201507_consistent.csv,2015-07-31,121,22.5057877631994,10.6117004429048,3.97660094628629,1.98006587561803,3.32568540526822,6.13438954091083,8.94436520359303,10.2037744690732
era5_201508_consistent.csv,2015-08-01,121,22.9980720755185,8.60034984476997,3.08663976497798,2.0712901314799,3.22933263249824,5.50348906039584,7.56624757110482,8.37918788398232
era5_201508_consistent.csv,2015-08-02,121,22.5869183354169,14.9563806504465,6.93920794321743,3.12837224432922,5.15340393480362,8.85015604893064,12.5039325505358,14.3215548870138
era5_201508_consistent.csv,2015-08-03,121,21.6996427982735,21.4317438110994,9.56472942075975,4.08775686963741,6.92282607461276,12.5000857743761,17.9860554251071,20.5789316250587
era5_201508_consistent.csv,2015-08-04,121,21.3076533228064,19.8205292292565,7.48623043260254,3.70429436698094,5.70669136058129,10.3120874075382,16.1101239130844,18.911220449487
era5_201508_consistent.csv,2015-08-05,121,21.348460321366,18.0766398170194,7.55872620549631,3.0782362722227,4.92754785981111,9.13491012563109,14.4412054866458,17.1447374637095
era5_201508_consistent.csv,2015-08-06,121,21.5348682143037,19.5364338330794,8.12137930661737,3.24884007002827,5.26943626458797,9.94784873992321,15.6280041686662,18.5280224926905
era5_201508_consistent.csv,2015-08-07,121,22.0386184109755,17.5042146152702,7.41947033393687,2.68659562555725,4.4049257408919,8.21196486976317,13.381967323334,16.3679492303651
era5_201508_consistent.csv,2015-08-08,121,22.0559938765628,16.4491636486338,6.27584391128541,2.79886813603903,4.68336075834897,8.43203486217354,12.9207089294305,15.4673072632137
era5_201508_consistent.csv,2015-08-09,121,21.8210877965326,16.0186296397155,6.03675918706735,3.43916165350658,5.52989957908973,9.08981902271961,12.9170075001088,15.1375172546196
era5_201508_consistent.csv,2015-08-10,121,21.8109405505685,12.9669949518618,5.15216087986631,2.95100619071491,4.43336438818315,6.77734977024345,9.87752725604818,12.0287043430985
era5_201508_consistent.csv,2015-08-11,121,21.9215500904786,12.5424672196164,5.03050773684137,2.96361457486483,4.37472688601554,6.43598404459815,9.37956809302199,11.5590716223498
era5_201508_consistent.csv,2015-08-12,121,22.0178359454233,11.4711382822541,4.32512568641336,2.58532384935539,3.7131405110101,5.54865584216344,8.40264682093112,10.5257589470295
era5_201508_consistent.csv,2015-08-13,121,21.6854954931326,16.0715298744325,6.67374481819569,2.99529522463213,4.62744176736593,7.7049668210232,12.0832074683753,14.9203433562451
era5_201508_consistent.csv,2015-08-14,121,21.4288721957469,22.1069740348454,8.80923136566308,3.13249315774159,5.24148507224386,10.0524042411256,16.6934997129096,20.6006773111498
era5_201508_consistent.csv,2015-08-15,121,21.3488816319859,23.7550002495005,9.1942014724105,3.04034154652528,5.18906311270873,10.1507593860579,17.5055509971612,21.982425194005
era5_201508_consistent.csv,2015-08-16,121,21.5179529575806,21.229332991348,7.91853517008558,3.1237442900586,4.76511704827464,8.69196186718443,15.1853055048867,19.4649475917739
era5_201508_consistent.csv,2015-08-17,121,20.8481767956915,29.0912702287694,12.3615477700984,3.50349652343604,6.07548362416636,12.2512955255793,21.28275037777,26.8712116684321
era5_201508_consistent.csv,2015-08-18,121,21.0718985735187,27.0272043798884,10.9937093622961,3.5654578996138,6.11601686293626,11.6681394375609,19.7777461326112,24.9459664592276
era5_201508_consistent.csv,2015-08-19,121,19.9083399154848,28.3318315623021,9.91296759794863,3.83387230207122,6.82287620239976,12.678633301252,21.1132038983243,26.3075488267746
era5_201508_consistent.csv,2015-08-20,121,19.7693929555568,25.1457824596315,8.80505541385251,4.07828726005348,6.75772101277866,11.8526393711143,18.9340865142889,23.3772341159385
era5_201508_consistent.csv,2015-08-21,121,19.8491457686951,22.3770079892662,8.41656777093834,3.62420552455948,6.02289470629589,10.9141311624395,17.194924449052,20.9100129276107
era5_201508_consistent.csv,2015-08-22,121,19.9882564185251,20.838920157171,8.00031765612213,3.24388579473125,5.58596552951844,10.2660634111216,16.1438804307708,19.5353454258573
era5_201508_consistent.csv,2015-08-23,121,20.1360666099263,19.0517477084484,7.59846603068704,2.87422534912608,4.96606646833592,9.08251417031307,14.427074583199,17.7255782022262
era5_201508_consistent.csv,2015-08-24,121,19.9964023758599,17.1767857591772,6.60361173864147,2.58219079783597,4.30028032657776,7.81791118563101,12.6904260190565,15.8550905911801
era5_201508_consistent.csv,2015-08-25,121,19.8399312000829,14.5061235469424,5.28929544578915,2.4814688506814,3.81072345757415,6.6401091040882,10.748820255445,13.4007578738918
era5_201508_consistent.csv,2015-08-26,121,19.9346662984198,14.4646004400445,4.90392141889736,2.52962186843417,4.04113329313421,6.88412348665069,10.6767311667632,13.2993228304944
era5_201508_consistent.csv,2015-08-27,121,20.1970075835921,17.1087430403932,5.90887537185941,2.50776491499793,4.08667633624382,7.38070627526475,12.1944895006785,15.589355122929
era5_201508_consistent.csv,2015-08-28,121,20.0089939679638,17.1347717103964,5.77755171583211,2.92252539492242,4.76579187973417,8.0949907651109,12.6614985154598,15.7768585101081
era5_201508_consistent.csv,2015-08-29,121,20.0047126281099,16.9459703526939,5.89166971942155,3.33847295179055,5.43729259653171,8.92260507056882,13.2167333978464,15.8675085817072
era5_201508_consistent.csv,2015-08-30,121,19.8878783620681,13.4828898041914,4.96511698527789,2.37768164447415,3.87085772098879,6.67272768642611,10.3657797380688,12.601381143729
era5_201508_consistent.csv,2015-08-31,121,19.8055301397374,16.7299954669819,6.57360999125774,2.61408598194552,4.25937633720409,7.82481517027438,12.7096468707011,15.606532847762
era5_202206_consistent.csv,2022-06-01,121,19.2984507488352,27.9311970691092,9.43939230789869,1.98849690631269,3.75532436601604,8.9271413240972,18.3653413119284,25.0129700965302
era5_202206_consistent.csv,2022-06-02,121,20.1760612503049,21.1076277411644,6.73073443915945,2.24653404731888,3.61981632595159,7.38227069956536,14.1661836579678,18.9780721269988
era5_202206_consistent.csv,2022-06-03,121,20.7891697417764,20.7377808110558,8.29758179135935,2.60403193716047,4.33661245800995,8.48189360888115,14.8927851621824,19.035457924326
era5_202206_consistent.csv,2022-06-04,121,19.9781336871331,32.1927090731906,12.4798341767615,3.30335220356167,5.96863633646522,12.88404508097,23.2513835979248,29.6202925266761
era5_202206_consistent.csv,2022-06-05,121,18.6108490052578,33.3121828335907,11.5887151566093,3.03372421692698,5.58881369148058,12.0938599093565,22.853229133707,30.1786308636774
era5_202206_consistent.csv,2022-06-06,121,18.0638951715005,29.2559492897674,8.8969502416473,3.18811668714759,5.38357441854063,10.7521977518397,20.0070147038847,26.436339094184
era5_202206_consistent.csv,2022-06-07,121,18.2261193356864,26.0019409560057,8.06981404622917,2.99949826379793,5.22915545048749,10.0072909634497,17.8558587332105,23.4877128626099
era5_202206_consistent.csv,2022-06-08,121,18.6873420022908,24.3777607253809,8.49312283088259,2.79260303203822,4.8332633857887,9.61462710604796,16.9326780161237,22.0726287856089
era5_202206_consistent.csv,2022-06-09,121,19.1526117023552,22.9080524458936,8.32963777134715,2.62661806359866,4.61707882075713,9.25314077255597,16.0891411525759,20.8198792115871
era5_202206_consistent.csv,2022-06-10,121,19.161655300276,19.1610225024079,6.48207610891437,2.57156321171093,4.32775093437932,7.93362028305426,13.4122866381467,17.3859469107555
era5_202206_consistent.csv,2022-06-11,121,18.8125191954745,21.0270625103497,9.48152791208807,2.6306319908904,4.59528855444707,8.69693236373273,14.6760083293889,19.0629677241502
era5_202206_consistent.csv,2022-06-12,121,18.3974525337871,23.9141034456433,8.81343755531582,3.13133875680435,5.33415075045111,9.78348771707617,16.643620301877,21.6752724553709
era5_202206_consistent.csv,2022-06-13,121,18.4565109679118,23.314556999258,8.43686226610794,3.24637258201979,5.62516132473114,10.2134313944443,16.7944911486599,21.3402668093662
era5_202206_consistent.csv,2022-06-14,121,18.5418961506112,22.3409344154673,7.48445009366964,3.42391119764036,5.59283745999998,10.0167451194437,16.5218766518579,20.6469036941526
era5_202206_consistent.csv,2022-06-15,121,19.3363305346949,18.2611205287884,6.14177678364038,3.09676101659619,4.95572639543543,8.72527318047261,13.8889636592823,17.0087521549993
era5_202206_consistent.csv,2022-06-16,121,20.1265613259757,15.2925764116906,5.19191637696791,2.7325962092659,4.35189284422137,7.62378439910359,11.7183506283052,14.2444960336845
era5_202206_consistent.csv,2022-06-17,121,20.6864917092486,13.9245517446207,5.19379820498384,2.28940309675126,3.75865161171087,6.66809798705101,10.5392322289175,12.9496143100315
era5_202206_consistent.csv,2022-06-18,121,21.1247994573471,14.2790217104213,5.43576811095378,2.33673482653716,3.85618738438605,6.81384081963683,10.8661810470181,13.3115048615803
era5_202206_consistent.csv,2022-06-19,121,21.5937721862391,13.0317880977189,5.11201935050337,2.34197097929414,3.75602946768962,6.38605413045389,9.91985752989202,12.1349948647691
era5_202206_consistent.csv,2022-06-20,121,21.9833724665132,11.7392247365308,4.67040734716101,2.44300129866655,3.63956813650389,5.80093577696923,8.9405639274918,10.9296358290236
era5_202206_consistent.csv,2022-06-21,121,22.4439345012328,12.153380361849,4.47015092003089,2.34299519439837,3.53432803502541,5.79588320307454,9.16561294230903,11.2886276012768
era5_202206_consistent.csv,2022-06-22,121,22.7869877741822,12.7642172792245,5.00850563501479,2.27035949551598,3.64573504448236,6.59575121019268,10.1253983839897,12.0454908848971
era5_202206_consistent.csv,2022-06-23,121,21.982590269232,15.4441906921533,5.35635920256987,2.37442208755455,3.91157319612276,7.37848789395506,11.9196315712133,14.4631573169634
era5_202206_consistent.csv,2022-06-24,121,21.7661568152123,16.6256666308236,5.64408118402338,3.32582015048546,4.93574979076809,8.28320548385517,12.8710718002844,15.5601118154675
era5_202206_consistent.csv,2022-06-25,121,22.5812154849763,14.7765712949942,5.56732357928059,2.71831875479605,4.48237952852824,7.89886913307196,11.9278862911907,14.0236368282071
era5_202206_consistent.csv,2022-06-26,121,22.5303252615952,16.99881568486,6.62832911011849,2.95238979778621,5.12751415980403,9.38078714524389,13.9934547451628,16.2363512031162
era5_202206_consistent.csv,2022-06-27,121,21.8579732829083,17.622510686325,6.87643930628377,2.58976734635842,4.42258525083374,8.61220394982844,13.8843978894333,16.6416137533328
era5_202206_consistent.csv,2022-06-28,121,21.7695327606654,20.0405559779653,7.25734369422797,3.04751183840536,5.34245367909944,10.0369637950801,15.8441821631789,18.9261212581737
era5_202206_consistent.csv,2022-06-29,121,22.0550529716867,20.2278895273486,7.37584920746071,3.04612337506322,5.25823343588979,10.1264039187337,16.1151719539239,19.1671523435074
era5_202206_consistent.csv,2022-06-30,121,22.3422811139733,17.680337059347,6.92742089513791,2.78523995729288,4.89699255029911,9.24795542132242,14.3555192434608,16.8511245326049
era5_202207_consistent.csv,2022-07-01,121,22.5233993938603,15.1960797867128,5.85304768589667,2.44132247593159,4.05289117010427,7.65678907301734,12.0964530651948,14.3911584224307
era5_202207_consistent.csv,2022-07-02,121,22.7977182123997,10.3894721172796,3.68661177808376,2.16090085610374,3.36568282639744,5.78864642250216,8.51160208147505,9.89394788651567
era5_202207_consistent.csv,2022-07-03,121,22.7740859810022,10.286105855722,3.96327086792665,2.14404738850238,3.43829042970288,5.87421661838154,8.55952029172518,9.85468004625118
era5_202207_consistent.csv,2022-07-04,121,23.0119561949374,12.9974277046262,5.63064581047679,2.26243005956777,3.65323400801451,6.48581693292875,10.0926075118464,12.1839919234455
era5_202207_consistent.csv,2022-07-05,121,23.0139470155272,17.8608925508683,8.22990178584552,2.60812564707291,4.46537424356335,8.36999441036175,13.7186643285878,16.7414691035681
era5_202207_consistent.csv,2022-07-06,121,22.2648000205758,19.1768206378821,7.45901767262309,3.02628658528682,4.98597428476649,8.97427992132925,14.6397816253892,17.9294740820528
era5_202207_consistent.csv,2022-07-07,121,22.760561635867,12.2079217573789,4.27688115738755,2.47291230205468,3.71397679042649,6.18139296860944,9.53164830344219,11.4698704262284
era5_202207_consistent.csv,2022-07-08,121,22.9290054036845,17.6355620503255,7.6626899642408,3.21148647615765,5.07198744694045,8.81990674417582,13.7404271022818,16.5658242759378
era5_202207_consistent.csv,2022-07-09,121,22.916559833749,20.8080075022418,9.08944071901782,3.30942593362001,5.82333350213452,10.9021028574613,16.7511031649953,19.7556844341811
era5_202207_consistent.csv,2022-07-10,121,22.9059510012431,18.1372543323436,7.18707349288611,2.55008837454791,4.33373774817624,8.53655299506328,13.9882676062791,17.0014919682024
era5_202207_consistent.csv,2022-07-11,121,23.2337205704778,17.0664672793335,6.75641207022051,2.78492408716475,4.64312206560774,8.70720238234968,13.6974067906549,16.2045628001671
era5_202207_consistent.csv,2022-07-12,121,23.3790514150204,15.3416752461828,5.35620588843316,2.7358351722091,4.21051678087891,7.65344802946763,12.1891323780461,14.5222751627248
era5_202207_consistent.csv,2022-07-13,121,23.3017810427054,17.2614937230361,6.88444341202349,3.87308306814398,5.91421480319144,9.32319110413435,13.7882642929821,16.3123740473489
era5_202207_consistent.csv,2022-07-14,121,23.6097335586034,17.2567657950559,7.00161206836525,3.72695781706617,5.8460567866885,9.73781883766795,14.1250114642523,16.4211657862196
era5_202207_consistent.csv,2022-07-15,121,23.3692695518396,17.1624462478719,6.56344386234978,3.88659550386838,5.91226350299706,9.59394913211278,13.9244495050594,16.2790713444391
era5_202207_consistent.csv,2022-07-16,121,22.9653167812564,19.647625792148,7.64722068638719,2.88164009038022,4.90238546145737,9.52570886706753,15.2699970386921,18.4409785758123
era5_202207_consistent.csv,2022-07-17,121,22.2523577279345,24.130094887681,9.66506665472302,2.79586225341043,5.01260955274148,10.3334663802213,18.0054200406621,22.4391187287014
era5_202207_consistent.csv,2022-07-18,121,21.9132983991854,23.4875674609572,8.9877735970947,3.74553060224444,6.04635386483201,11.0732570011222,17.7575755252482,21.8336830653966
era5_202207_consistent.csv,2022-07-19,121,21.8439164424243,22.3986750689465,8.24773039200293,2.96506404584795,5.21539036044813,10.2685972031904,17.0205925013005,20.904238167674
era5_202207_consistent.csv,2022-07-20,121,21.9196066406048,18.363373175202,6.30641242325221,2.44659199636058,4.07485150410813,7.93251317831162,13.7409582093932,17.0977361784058
era5_202207_consistent.csv,2022-07-21,121,22.3804260453589,16.0372254763805,6.2500963359378,2.60546844495453,4.1277644113147,7.47210071413726,12.2666255013842,15.0150991705077
era5_202207_consistent.csv,2022-07-22,121,21.8114786335332,22.2132788824994,8.70074732057735,2.99089364650861,5.39799366175721,11.2314021451608,18.0431703092301,21.2050299805895
era5_202207_consistent.csv,2022-07-23,121,21.7055258709483,15.5604658161306,5.8658616837897,2.44824894030055,3.82869136020542,6.6965448823503,11.2820365983075,14.3176051196407
era5_202207_consistent.csv,2022-07-24,121,22.8435257976211,15.0151634166597,6.02501076907601,2.80321513787647,4.27433151901871,7.16630514639251,11.3444301075243,13.9688203728404
era5_202207_consistent.csv,2022-07-25,121,23.568126653759,14.4367017620381,5.68283024231957,2.67499188628635,4.17564779571995,7.45648757789877,11.5146743618271,13.6666783872771
era5_202207_consistent.csv,2022-07-26,121,23.4713736589918,14.2279531451078,6.00405771613001,2.52682064534636,3.99065714703797,7.07564163674137,11.0918181290912,13.3674424140252
era5_202207_consistent.csv,2022-07-27,121,22.8033239439647,17.6749169712125,7.62358178534141,2.57022775809461,4.35762061047806,8.55371642774819,13.8772718504152,16.6792284768127
era5_202207_consistent.csv,2022-07-28,121,22.1249890307034,18.5464941415047,7.22449172109914,2.83235339092158,4.56516741628216,8.36626476041453,13.9040370573907,17.2400346502284
era5_202207_consistent.csv,2022-07-29,121,22.4126904256122,13.3590995025773,5.11906442161608,2.2516832394294,3.46311770919529,6.09388541605039,10.0323777362221,12.4197571754927
era5_202207_consistent.csv,2022-07-30,121,22.8159787816183,10.1279027775081,3.71297896702903,2.25647564498083,3.36153879494432,5.34390098830704,7.95958455149492,9.51658601610661
era5_202207_consistent.csv,2022-07-31,121,23.1323081299729,9.37450446040855,3.55982277903659,2.56237106964267,3.62650779526118,5.43907636213743,7.62027336717986,8.88814975316249
era5_202208_consistent.csv,2022-08-01,121,23.5138733311189,8.20897178916192,2.78160868730531,2.69853510114433,3.74029908783216,5.47873376622712,7.16837229518044,7.95935749793726
era5_202208_consistent.csv,2022-08-02,121,23.8602051871391,7.89019876555959,2.77867710539883,2.39606113127265,3.56163653097791,5.43197556651311,7.08402151391951,7.7302437802748
era5_202208_consistent.csv,2022-08-03,121,24.2599024269767,7.90453551845916,2.8584866833996,2.24076984806948,3.44426672038064,5.49491968818568,7.1889377968749,7.779696690627
era5_202208_consistent.csv,2022-08-04,121,24.6491307277797,7.00093388730993,2.49123013114426,2.24668945327996,3.3399288427073,5.13223957029919,6.50112237075566,6.92714327973569
era5_202208_consistent.csv,2022-08-05,121,24.0118875646191,9.40573631194568,4.41492055382872,2.58978851818557,4.16067298833554,6.56020102943053,8.42100390088259,9.18104176815161
era5_202208_consistent.csv,2022-08-06,121,24.3389212516942,7.12195200904548,2.58331874903711,2.30449106201552,3.40112663603601,5.05549341096368,6.44544006107842,6.98548020048509
era5_202208_consistent.csv,2022-08-07,121,24.1897311715817,7.97476453793665,3.06391717822954,2.04768990585041,3.25493162757047,5.23791004434791,6.99158835539293,7.75137811704383
era5_202208_consistent.csv,2022-08-08,121,23.2318849443926,13.5606781699508,5.08502653229586,2.65728772847084,4.35644328498607,7.72418805411272,11.0542277955498,12.8406232321537
era5_202208_consistent.csv,2022-08-09,121,22.5925348478199,13.9947921005622,5.72457743599497,2.78807812264062,4.33518500285263,7.42570123187999,10.9786025717972,13.0987285288964
era5_202208_consistent.csv,2022-08-10,121,22.5954713391184,9.33741129954964,3.4740425793209,2.22221622357427,3.24642399775646,5.28719166107385,7.64388745700371,8.87650180636967
era5_202208_consistent.csv,2022-08-11,121,23.3224918255846,7.75205826847611,2.71711739193833,2.08892118184797,3.11460214667442,4.81072837824351,6.56626539686257,7.43865532171671
era5_202208_consistent.csv,2022-08-12,121,23.7859918444697,7.41308237348414,2.66990534780519,2.22630830066707,3.37896703621305,5.17844085870233,6.64608306841094,7.24316914760234
era5_202208_consistent.csv,2022-08-13,121,23.728505106285,8.11486042636734,3.07398294482846,2.49300608022961,3.74277798388411,5.6380432676947,7.16040881596798,7.8636479640816
era5_202208_consistent.csv,2022-08-14,121,23.464259758382,10.6359628743787,4.01927614309993,2.23162023764586,3.61195859776003,6.26362791500899,8.87686227453842,10.1748303655159
era5_202208_consistent.csv,2022-08-15,121,22.7122148645338,19.0991327464036,7.1511921286887,3.02369611832913,5.36920339214767,10.1584060242024,15.31997556711,18.0655564730792
era5_202208_consistent.csv,2022-08-16,121,22.5715826008506,15.7127738089877,5.7410249496476,2.14600684234374,3.54223293965268,6.79621333049513,11.5182649939691,14.4794099612081
era5_202208_consistent.csv,2022-08-17,121,23.290034228444,9.30644665805546,3.14123564866149,1.98278174090625,2.98478973235074,4.85363355571274,7.25525043417475,8.70680562986443
era5_202208_consistent.csv,2022-08-18,121,23.3676808202969,12.5182222970566,4.90696724877561,2.37241555032569,3.85996267579163,6.93964964660677,10.2120853541866,11.8975096279772
era5_202208_consistent.csv,2022-08-19,121,22.2673763501434,24.6172378719452,9.92918580580807,3.02914616715248,5.54393936907558,11.4171773925687,18.7338143515324,22.9485331801697
era5_202208_consistent.csv,2022-08-20,121,22.4002380279357,13.8755560999193,4.79568367161443,2.36731345172676,3.58677944671664,6.20996140930831,10.2115219510251,12.7813808070851
era5_202208_consistent.csv,2022-08-21,121,23.0761062985986,10.6215922938001,4.72641498633009,2.81980491389529,4.10184470585063,6.337128611254,8.75858232405348,10.1011958547523
era5_202208_consistent.csv,2022-08-22,121,21.4742923755028,28.9467980329823,12.4308253963551,3.47213394039966,6.64112280869324,13.6857183550295,22.0103620516403,26.9424152888749
era5_202208_consistent.csv,2022-08-23,121,20.6032463001238,33.1463770493764,12.7308864201077,2.99121358468541,5.38318351687857,11.6275591814049,22.4097012488852,29.883398800583
era5_202208_consistent.csv,2022-08-24,121,20.9111437070499,22.1856124660843,6.49567257491106,2.40715381524083,3.95394049444996,7.64235900951057,14.7331233995876,19.8954605280269
era5_202208_consistent.csv,2022-08-25,121,20.399818328956,24.1334950897385,9.03503303613383,2.82742282278339,4.86346116403629,9.48822693410201,17.0419996870321,22.0228151699208
era5_202208_consistent.csv,2022-08-26,121,19.8820039334608,30.7575673879618,13.1428500927204,3.39559919399149,6.22135402135906,12.2283087255489,21.4733261319564,27.9182418059768
era5_202208_consistent.csv,2022-08-27,121,18.9154714909221,34.4830166482609,11.6320196021331,3.14603682424855,5.54736132658069,11.7959002854287,23.078323083141,31.0121435170068
era5_202208_consistent.csv,2022-08-28,121,19.4414395295546,30.0469209144404,8.76566631374613,2.62294698760375,4.90175787350274,10.8150081805422,20.7723575655801,27.2953090720846
era5_202208_consistent.csv,2022-08-29,121,19.8711080258478,26.6069422112623,7.62279089765328,2.69728003362667,4.68900359335703,9.60756478147791,18.3527625271185,24.1666056795654
era5_202208_consistent.csv,2022-08-30,121,19.4045544970915,25.0761678646635,6.76379211062711,3.13322647461028,5.14594096697619,9.64329521823528,17.3317088558793,22.7350737441033
era5_202208_consistent.csv,2022-08-31,121,18.7850356131562,24.0312523788935,7.2870253286177,3.388275026249,5.84649869170312,10.4083347089226,16.9601406548403,21.8392847789173
