lon,lat,candidate_id,era5_land_valid,coordinate_key,original_site_id,is_original_site
105,20.4,1,TRUE,"105.000000,20.400000",1,TRUE
105,21.3,2,TRUE,"105.000000,21.300000",,FALSE
105,22.2,3,TRUE,"105.000000,22.200000",2,TRUE
105,23.1,4,TRUE,"105.000000,23.100000",,FALSE
105,24,5,TRUE,"105.000000,24.000000",3,TRUE
105,24.9,6,TRUE,"105.000000,24.900000",,FALSE
105,25.8,7,TRUE,"105.000000,25.800000",4,TRUE
105,26.7,8,TRUE,"105.000000,26.700000",,FALSE
105,27.6,9,TRUE,"105.000000,27.600000",5,TRUE
105,28.5,10,TRUE,"105.000000,28.500000",,FALSE
105,29.4,11,TRUE,"105.000000,29.400000",6,TRUE
105,30.3,12,TRUE,"105.000000,30.300000",,FALSE
105,31.2,13,TRUE,"105.000000,31.200000",7,TRUE
105,32.1,14,TRUE,"105.000000,32.100000",,FALSE
105,33,15,TRUE,"105.000000,33.000000",8,TRUE
105,33.9,16,TRUE,"105.000000,33.900000",,FALSE
105,34.8,17,TRUE,"105.000000,34.800000",9,TRUE
105,35.7,18,TRUE,"105.000000,35.700000",,FALSE
105,36.6,19,TRUE,"105.000000,36.600000",10,TRUE
105,37.5,20,TRUE,"105.000000,37.500000",,FALSE
105,38.4,21,TRUE,"105.000000,38.400000",11,TRUE
105,39.3,22,TRUE,"105.000000,39.300000",,FALSE
105,40.2,23,TRUE,"105.000000,40.200000",12,TRUE
105,41.1,24,TRUE,"105.000000,41.100000",,FALSE
105,42,25,TRUE,"105.000000,42.000000",13,TRUE
105.8,20.4,26,TRUE,"105.800000,20.400000",,FALSE
105.8,21.3,27,TRUE,"105.800000,21.300000",,FALSE
105.8,22.2,28,TRUE,"105.800000,22.200000",,FALSE
105.8,23.1,29,TRUE,"105.800000,23.100000",,FALSE
105.8,24,30,TRUE,"105.800000,24.000000",,FALSE
105.8,24.9,31,TRUE,"105.800000,24.900000",,FALSE
105.8,25.8,32,TRUE,"105.800000,25.800000",,FALSE
105.8,26.7,33,TRUE,"105.800000,26.700000",,FALSE
105.8,27.6,34,TRUE,"105.800000,27.600000",,FALSE
105.8,28.5,35,TRUE,"105.800000,28.500000",,FALSE
105.8,29.4,36,TRUE,"105.800000,29.400000",,FALSE
105.8,30.3,37,TRUE,"105.800000,30.300000",,FALSE
105.8,31.2,38,TRUE,"105.800000,31.200000",,FALSE
105.8,32.1,39,TRUE,"105.800000,32.100000",,FALSE
105.8,33,40,TRUE,"105.800000,33.000000",,FALSE
105.8,33.9,41,TRUE,"105.800000,33.900000",,FALSE
105.8,34.8,42,TRUE,"105.800000,34.800000",,FALSE
105.8,35.7,43,TRUE,"105.800000,35.700000",,FALSE
105.8,36.6,44,TRUE,"105.800000,36.600000",,FALSE
105.8,37.5,45,TRUE,"105.800000,37.500000",,FALSE
105.8,38.4,46,TRUE,"105.800000,38.400000",,FALSE
105.8,39.3,47,TRUE,"105.800000,39.300000",,FALSE
105.8,40.2,48,TRUE,"105.800000,40.200000",,FALSE
105.8,41.1,49,TRUE,"105.800000,41.100000",,FALSE
105.8,42,50,TRUE,"105.800000,42.000000",,FALSE
106.6,20.4,51,TRUE,"106.600000,20.400000",14,TRUE
106.6,21.3,52,TRUE,"106.600000,21.300000",,FALSE
106.6,22.2,53,TRUE,"106.600000,22.200000",15,TRUE
106.6,23.1,54,TRUE,"106.600000,23.100000",,FALSE
106.6,24,55,TRUE,"106.600000,24.000000",16,TRUE
106.6,24.9,56,TRUE,"106.600000,24.900000",,FALSE
106.6,25.8,57,TRUE,"106.600000,25.800000",17,TRUE
106.6,26.7,58,TRUE,"106.600000,26.700000",,FALSE
106.6,27.6,59,TRUE,"106.600000,27.600000",18,TRUE
106.6,28.5,60,TRUE,"106.600000,28.500000",,FALSE
106.6,29.4,61,TRUE,"106.600000,29.400000",19,TRUE
106.6,30.3,62,TRUE,"106.600000,30.300000",,FALSE
106.6,31.2,63,TRUE,"106.600000,31.200000",20,TRUE
106.6,32.1,64,TRUE,"106.600000,32.100000",,FALSE
106.6,33,65,TRUE,"106.600000,33.000000",21,TRUE
106.6,33.9,66,TRUE,"106.600000,33.900000",,FALSE
106.6,34.8,67,TRUE,"106.600000,34.800000",22,TRUE
106.6,35.7,68,TRUE,"106.600000,35.700000",,FALSE
106.6,36.6,69,TRUE,"106.600000,36.600000",23,TRUE
106.6,37.5,70,TRUE,"106.600000,37.500000",,FALSE
106.6,38.4,71,TRUE,"106.600000,38.400000",24,TRUE
106.6,39.3,72,TRUE,"106.600000,39.300000",,FALSE
106.6,40.2,73,TRUE,"106.600000,40.200000",25,TRUE
106.6,41.1,74,TRUE,"106.600000,41.100000",,FALSE
106.6,42,75,TRUE,"106.600000,42.000000",26,TRUE
107.4,20.4,76,FALSE,"107.400000,20.400000",,FALSE
107.4,21.3,77,FALSE,"107.400000,21.300000",,FALSE
107.4,22.2,78,TRUE,"107.400000,22.200000",,FALSE
107.4,23.1,79,TRUE,"107.400000,23.100000",,FALSE
107.4,24,80,TRUE,"107.400000,24.000000",,FALSE
107.4,24.9,81,TRUE,"107.400000,24.900000",,FALSE
107.4,25.8,82,TRUE,"107.400000,25.800000",,FALSE
107.4,26.7,83,TRUE,"107.400000,26.700000",,FALSE
107.4,27.6,84,TRUE,"107.400000,27.600000",,FALSE
107.4,28.5,85,TRUE,"107.400000,28.500000",,FALSE
107.4,29.4,86,TRUE,"107.400000,29.400000",,FALSE
107.4,30.3,87,TRUE,"107.400000,30.300000",,FALSE
107.4,31.2,88,TRUE,"107.400000,31.200000",,FALSE
107.4,32.1,89,TRUE,"107.400000,32.100000",,FALSE
107.4,33,90,TRUE,"107.400000,33.000000",,FALSE
107.4,33.9,91,TRUE,"107.400000,33.900000",,FALSE
107.4,34.8,92,TRUE,"107.400000,34.800000",,FALSE
107.4,35.7,93,TRUE,"107.400000,35.700000",,FALSE
107.4,36.6,94,TRUE,"107.400000,36.600000",,FALSE
107.4,37.5,95,TRUE,"107.400000,37.500000",,FALSE
107.4,38.4,96,TRUE,"107.400000,38.400000",,FALSE
107.4,39.3,97,TRUE,"107.400000,39.300000",,FALSE
107.4,40.2,98,TRUE,"107.400000,40.200000",,FALSE
107.4,41.1,99,TRUE,"107.400000,41.100000",,FALSE
107.4,42,100,TRUE,"107.400000,42.000000",,FALSE
108.2,20.4,101,FALSE,"108.200000,20.400000",,FALSE
108.2,21.3,102,FALSE,"108.200000,21.300000",,FALSE
108.2,22.2,103,TRUE,"108.200000,22.200000",27,TRUE
108.2,23.1,104,TRUE,"108.200000,23.100000",,FALSE
108.2,24,105,TRUE,"108.200000,24.000000",28,TRUE
108.2,24.9,106,TRUE,"108.200000,24.900000",,FALSE
108.2,25.8,107,TRUE,"108.200000,25.800000",29,TRUE
108.2,26.7,108,TRUE,"108.200000,26.700000",,FALSE
108.2,27.6,109,TRUE,"108.200000,27.600000",30,TRUE
108.2,28.5,110,TRUE,"108.200000,28.500000",,FALSE
108.2,29.4,111,TRUE,"108.200000,29.400000",31,TRUE
108.2,30.3,112,TRUE,"108.200000,30.300000",,FALSE
108.2,31.2,113,TRUE,"108.200000,31.200000",32,TRUE
108.2,32.1,114,TRUE,"108.200000,32.100000",,FALSE
108.2,33,115,TRUE,"108.200000,33.000000",33,TRUE
108.2,33.9,116,TRUE,"108.200000,33.900000",,FALSE
108.2,34.8,117,TRUE,"108.200000,34.800000",34,TRUE
108.2,35.7,118,TRUE,"108.200000,35.700000",,FALSE
108.2,36.6,119,TRUE,"108.200000,36.600000",35,TRUE
108.2,37.5,120,TRUE,"108.200000,37.500000",,FALSE
108.2,38.4,121,TRUE,"108.200000,38.400000",36,TRUE
108.2,39.3,122,TRUE,"108.200000,39.300000",,FALSE
108.2,40.2,123,TRUE,"108.200000,40.200000",37,TRUE
108.2,41.1,124,TRUE,"108.200000,41.100000",,FALSE
108.2,42,125,TRUE,"108.200000,42.000000",38,TRUE
109,20.4,126,FALSE,"109.000000,20.400000",,FALSE
109,21.3,127,FALSE,"109.000000,21.300000",,FALSE
109,22.2,128,TRUE,"109.000000,22.200000",,FALSE
109,23.1,129,TRUE,"109.000000,23.100000",,FALSE
109,24,130,TRUE,"109.000000,24.000000",,FALSE
109,24.9,131,TRUE,"109.000000,24.900000",,FALSE
109,25.8,132,TRUE,"109.000000,25.800000",,FALSE
109,26.7,133,TRUE,"109.000000,26.700000",,FALSE
109,27.6,134,TRUE,"109.000000,27.600000",,FALSE
109,28.5,135,TRUE,"109.000000,28.500000",,FALSE
109,29.4,136,TRUE,"109.000000,29.400000",,FALSE
109,30.3,137,TRUE,"109.000000,30.300000",,FALSE
109,31.2,138,TRUE,"109.000000,31.200000",,FALSE
109,32.1,139,TRUE,"109.000000,32.100000",,FALSE
109,33,140,TRUE,"109.000000,33.000000",,FALSE
109,33.9,141,TRUE,"109.000000,33.900000",,FALSE
109,34.8,142,TRUE,"109.000000,34.800000",,FALSE
109,35.7,143,TRUE,"109.000000,35.700000",,FALSE
109,36.6,144,TRUE,"109.000000,36.600000",,FALSE
109,37.5,145,TRUE,"109.000000,37.500000",,FALSE
109,38.4,146,TRUE,"109.000000,38.400000",,FALSE
109,39.3,147,TRUE,"109.000000,39.300000",,FALSE
109,40.2,148,TRUE,"109.000000,40.200000",,FALSE
109,41.1,149,TRUE,"109.000000,41.100000",,FALSE
109,42,150,TRUE,"109.000000,42.000000",,FALSE
109.8,20.4,151,FALSE,"109.800000,20.400000",,FALSE
109.8,21.3,152,TRUE,"109.800000,21.300000",,FALSE
109.8,22.2,153,TRUE,"109.800000,22.200000",39,TRUE
109.8,23.1,154,TRUE,"109.800000,23.100000",,FALSE
109.8,24,155,TRUE,"109.800000,24.000000",40,TRUE
109.8,24.9,156,TRUE,"109.800000,24.900000",,FALSE
109.8,25.8,157,TRUE,"109.800000,25.800000",41,TRUE
109.8,26.7,158,TRUE,"109.800000,26.700000",,FALSE
109.8,27.6,159,TRUE,"109.800000,27.600000",42,TRUE
109.8,28.5,160,TRUE,"109.800000,28.500000",,FALSE
109.8,29.4,161,TRUE,"109.800000,29.400000",43,TRUE
109.8,30.3,162,TRUE,"109.800000,30.300000",,FALSE
109.8,31.2,163,TRUE,"109.800000,31.200000",44,TRUE
109.8,32.1,164,TRUE,"109.800000,32.100000",,FALSE
109.8,33,165,TRUE,"109.800000,33.000000",45,TRUE
109.8,33.9,166,TRUE,"109.800000,33.900000",,FALSE
109.8,34.8,167,TRUE,"109.800000,34.800000",46,TRUE
109.8,35.7,168,TRUE,"109.800000,35.700000",,FALSE
109.8,36.6,169,TRUE,"109.800000,36.600000",47,TRUE
109.8,37.5,170,TRUE,"109.800000,37.500000",,FALSE
109.8,38.4,171,TRUE,"109.800000,38.400000",48,TRUE
109.8,39.3,172,TRUE,"109.800000,39.300000",,FALSE
109.8,40.2,173,TRUE,"109.800000,40.200000",49,TRUE
109.8,41.1,174,TRUE,"109.800000,41.100000",,FALSE
109.8,42,175,TRUE,"109.800000,42.000000",50,TRUE
110.6,20.4,176,FALSE,"110.600000,20.400000",,FALSE
110.6,21.3,177,TRUE,"110.600000,21.300000",,FALSE
110.6,22.2,178,TRUE,"110.600000,22.200000",,FALSE
110.6,23.1,179,TRUE,"110.600000,23.100000",,FALSE
110.6,24,180,TRUE,"110.600000,24.000000",,FALSE
110.6,24.9,181,TRUE,"110.600000,24.900000",,FALSE
110.6,25.8,182,TRUE,"110.600000,25.800000",,FALSE
110.6,26.7,183,TRUE,"110.600000,26.700000",,FALSE
110.6,27.6,184,TRUE,"110.600000,27.600000",,FALSE
110.6,28.5,185,TRUE,"110.600000,28.500000",,FALSE
110.6,29.4,186,TRUE,"110.600000,29.400000",,FALSE
110.6,30.3,187,TRUE,"110.600000,30.300000",,FALSE
110.6,31.2,188,TRUE,"110.600000,31.200000",,FALSE
110.6,32.1,189,TRUE,"110.600000,32.100000",,FALSE
110.6,33,190,TRUE,"110.600000,33.000000",,FALSE
110.6,33.9,191,TRUE,"110.600000,33.900000",,FALSE
110.6,34.8,192,TRUE,"110.600000,34.800000",,FALSE
110.6,35.7,193,TRUE,"110.600000,35.700000",,FALSE
110.6,36.6,194,TRUE,"110.600000,36.600000",,FALSE
110.6,37.5,195,TRUE,"110.600000,37.500000",,FALSE
110.6,38.4,196,TRUE,"110.600000,38.400000",,FALSE
110.6,39.3,197,TRUE,"110.600000,39.300000",,FALSE
110.6,40.2,198,TRUE,"110.600000,40.200000",,FALSE
110.6,41.1,199,TRUE,"110.600000,41.100000",,FALSE
110.6,42,200,TRUE,"110.600000,42.000000",,FALSE
111.4,20.4,201,FALSE,"111.400000,20.400000",,FALSE
111.4,21.3,202,FALSE,"111.400000,21.300000",,FALSE
111.4,22.2,203,TRUE,"111.400000,22.200000",51,TRUE
111.4,23.1,204,TRUE,"111.400000,23.100000",,FALSE
111.4,24,205,TRUE,"111.400000,24.000000",52,TRUE
111.4,24.9,206,TRUE,"111.400000,24.900000",,FALSE
111.4,25.8,207,TRUE,"111.400000,25.800000",53,TRUE
111.4,26.7,208,TRUE,"111.400000,26.700000",,FALSE
111.4,27.6,209,TRUE,"111.400000,27.600000",54,TRUE
111.4,28.5,210,TRUE,"111.400000,28.500000",,FALSE
111.4,29.4,211,TRUE,"111.400000,29.400000",55,TRUE
111.4,30.3,212,TRUE,"111.400000,30.300000",,FALSE
111.4,31.2,213,TRUE,"111.400000,31.200000",56,TRUE
111.4,32.1,214,TRUE,"111.400000,32.100000",,FALSE
111.4,33,215,TRUE,"111.400000,33.000000",57,TRUE
111.4,33.9,216,TRUE,"111.400000,33.900000",,FALSE
111.4,34.8,217,TRUE,"111.400000,34.800000",58,TRUE
111.4,35.7,218,TRUE,"111.400000,35.700000",,FALSE
111.4,36.6,219,TRUE,"111.400000,36.600000",59,TRUE
111.4,37.5,220,TRUE,"111.400000,37.500000",,FALSE
111.4,38.4,221,TRUE,"111.400000,38.400000",60,TRUE
111.4,39.3,222,TRUE,"111.400000,39.300000",,FALSE
111.4,40.2,223,TRUE,"111.400000,40.200000",61,TRUE
111.4,41.1,224,TRUE,"111.400000,41.100000",,FALSE
111.4,42,225,TRUE,"111.400000,42.000000",62,TRUE
112.2,20.4,226,FALSE,"112.200000,20.400000",,FALSE
112.2,21.3,227,FALSE,"112.200000,21.300000",,FALSE
112.2,22.2,228,TRUE,"112.200000,22.200000",,FALSE
112.2,23.1,229,TRUE,"112.200000,23.100000",,FALSE
112.2,24,230,TRUE,"112.200000,24.000000",,FALSE
112.2,24.9,231,TRUE,"112.200000,24.900000",,FALSE
112.2,25.8,232,TRUE,"112.200000,25.800000",,FALSE
112.2,26.7,233,TRUE,"112.200000,26.700000",,FALSE
112.2,27.6,234,TRUE,"112.200000,27.600000",,FALSE
112.2,28.5,235,TRUE,"112.200000,28.500000",,FALSE
112.2,29.4,236,TRUE,"112.200000,29.400000",,FALSE
112.2,30.3,237,TRUE,"112.200000,30.300000",,FALSE
112.2,31.2,238,TRUE,"112.200000,31.200000",,FALSE
112.2,32.1,239,TRUE,"112.200000,32.100000",,FALSE
112.2,33,240,TRUE,"112.200000,33.000000",,FALSE
112.2,33.9,241,TRUE,"112.200000,33.900000",,FALSE
112.2,34.8,242,TRUE,"112.200000,34.800000",,FALSE
112.2,35.7,243,TRUE,"112.200000,35.700000",,FALSE
112.2,36.6,244,TRUE,"112.200000,36.600000",,FALSE
112.2,37.5,245,TRUE,"112.200000,37.500000",,FALSE
112.2,38.4,246,TRUE,"112.200000,38.400000",,FALSE
112.2,39.3,247,TRUE,"112.200000,39.300000",,FALSE
112.2,40.2,248,TRUE,"112.200000,40.200000",,FALSE
112.2,41.1,249,TRUE,"112.200000,41.100000",,FALSE
112.2,42,250,TRUE,"112.200000,42.000000",,FALSE
113,20.4,251,FALSE,"113.000000,20.400000",,FALSE
113,21.3,252,FALSE,"113.000000,21.300000",,FALSE
113,22.2,253,TRUE,"113.000000,22.200000",63,TRUE
113,23.1,254,TRUE,"113.000000,23.100000",,FALSE
113,24,255,TRUE,"113.000000,24.000000",64,TRUE
113,24.9,256,TRUE,"113.000000,24.900000",,FALSE
113,25.8,257,TRUE,"113.000000,25.800000",65,TRUE
113,26.7,258,TRUE,"113.000000,26.700000",,FALSE
113,27.6,259,TRUE,"113.000000,27.600000",66,TRUE
113,28.5,260,TRUE,"113.000000,28.500000",,FALSE
113,29.4,261,TRUE,"113.000000,29.400000",67,TRUE
113,30.3,262,TRUE,"113.000000,30.300000",,FALSE
113,31.2,263,TRUE,"113.000000,31.200000",68,TRUE
113,32.1,264,TRUE,"113.000000,32.100000",,FALSE
113,33,265,TRUE,"113.000000,33.000000",69,TRUE
113,33.9,266,TRUE,"113.000000,33.900000",,FALSE
113,34.8,267,TRUE,"113.000000,34.800000",70,TRUE
113,35.7,268,TRUE,"113.000000,35.700000",,FALSE
113,36.6,269,TRUE,"113.000000,36.600000",71,TRUE
113,37.5,270,TRUE,"113.000000,37.500000",,FALSE
113,38.4,271,TRUE,"113.000000,38.400000",72,TRUE
113,39.3,272,TRUE,"113.000000,39.300000",,FALSE
113,40.2,273,TRUE,"113.000000,40.200000",73,TRUE
113,41.1,274,TRUE,"113.000000,41.100000",,FALSE
113,42,275,TRUE,"113.000000,42.000000",74,TRUE
113.8,20.4,276,FALSE,"113.800000,20.400000",,FALSE
113.8,21.3,277,FALSE,"113.800000,21.300000",,FALSE
113.8,22.2,278,FALSE,"113.800000,22.200000",,FALSE
113.8,23.1,279,TRUE,"113.800000,23.100000",,FALSE
113.8,24,280,TRUE,"113.800000,24.000000",,FALSE
113.8,24.9,281,TRUE,"113.800000,24.900000",,FALSE
113.8,25.8,282,TRUE,"113.800000,25.800000",,FALSE
113.8,26.7,283,TRUE,"113.800000,26.700000",,FALSE
113.8,27.6,284,TRUE,"113.800000,27.600000",,FALSE
113.8,28.5,285,TRUE,"113.800000,28.500000",,FALSE
113.8,29.4,286,TRUE,"113.800000,29.400000",,FALSE
113.8,30.3,287,TRUE,"113.800000,30.300000",,FALSE
113.8,31.2,288,TRUE,"113.800000,31.200000",,FALSE
113.8,32.1,289,TRUE,"113.800000,32.100000",,FALSE
113.8,33,290,TRUE,"113.800000,33.000000",,FALSE
113.8,33.9,291,TRUE,"113.800000,33.900000",,FALSE
113.8,34.8,292,TRUE,"113.800000,34.800000",,FALSE
113.8,35.7,293,TRUE,"113.800000,35.700000",,FALSE
113.8,36.6,294,TRUE,"113.800000,36.600000",,FALSE
113.8,37.5,295,TRUE,"113.800000,37.500000",,FALSE
113.8,38.4,296,TRUE,"113.800000,38.400000",,FALSE
113.8,39.3,297,TRUE,"113.800000,39.300000",,FALSE
113.8,40.2,298,TRUE,"113.800000,40.200000",,FALSE
113.8,41.1,299,TRUE,"113.800000,41.100000",,FALSE
113.8,42,300,TRUE,"113.800000,42.000000",,FALSE
114.6,20.4,301,FALSE,"114.600000,20.400000",,FALSE
114.6,21.3,302,FALSE,"114.600000,21.300000",,FALSE
114.6,22.2,303,FALSE,"114.600000,22.200000",,FALSE
114.6,23.1,304,TRUE,"114.600000,23.100000",,FALSE
114.6,24,305,TRUE,"114.600000,24.000000",75,TRUE
114.6,24.9,306,TRUE,"114.600000,24.900000",,FALSE
114.6,25.8,307,TRUE,"114.600000,25.800000",76,TRUE
114.6,26.7,308,TRUE,"114.600000,26.700000",,FALSE
114.6,27.6,309,TRUE,"114.600000,27.600000",77,TRUE
114.6,28.5,310,TRUE,"114.600000,28.500000",,FALSE
114.6,29.4,311,TRUE,"114.600000,29.400000",78,TRUE
114.6,30.3,312,TRUE,"114.600000,30.300000",,FALSE
114.6,31.2,313,TRUE,"114.600000,31.200000",79,TRUE
114.6,32.1,314,TRUE,"114.600000,32.100000",,FALSE
114.6,33,315,TRUE,"114.600000,33.000000",80,TRUE
114.6,33.9,316,TRUE,"114.600000,33.900000",,FALSE
114.6,34.8,317,TRUE,"114.600000,34.800000",81,TRUE
114.6,35.7,318,TRUE,"114.600000,35.700000",,FALSE
114.6,36.6,319,TRUE,"114.600000,36.600000",82,TRUE
114.6,37.5,320,TRUE,"114.600000,37.500000",,FALSE
114.6,38.4,321,TRUE,"114.600000,38.400000",83,TRUE
114.6,39.3,322,TRUE,"114.600000,39.300000",,FALSE
114.6,40.2,323,TRUE,"114.600000,40.200000",84,TRUE
114.6,41.1,324,TRUE,"114.600000,41.100000",,FALSE
114.6,42,325,TRUE,"114.600000,42.000000",85,TRUE
115.4,20.4,326,FALSE,"115.400000,20.400000",,FALSE
115.4,21.3,327,FALSE,"115.400000,21.300000",,FALSE
115.4,22.2,328,FALSE,"115.400000,22.200000",,FALSE
115.4,23.1,329,TRUE,"115.400000,23.100000",,FALSE
115.4,24,330,TRUE,"115.400000,24.000000",,FALSE
115.4,24.9,331,TRUE,"115.400000,24.900000",,FALSE
115.4,25.8,332,TRUE,"115.400000,25.800000",,FALSE
115.4,26.7,333,TRUE,"115.400000,26.700000",,FALSE
115.4,27.6,334,TRUE,"115.400000,27.600000",,FALSE
115.4,28.5,335,TRUE,"115.400000,28.500000",,FALSE
115.4,29.4,336,TRUE,"115.400000,29.400000",,FALSE
115.4,30.3,337,TRUE,"115.400000,30.300000",,FALSE
115.4,31.2,338,TRUE,"115.400000,31.200000",,FALSE
115.4,32.1,339,TRUE,"115.400000,32.100000",,FALSE
115.4,33,340,TRUE,"115.400000,33.000000",,FALSE
115.4,33.9,341,TRUE,"115.400000,33.900000",,FALSE
115.4,34.8,342,TRUE,"115.400000,34.800000",,FALSE
115.4,35.7,343,TRUE,"115.400000,35.700000",,FALSE
115.4,36.6,344,TRUE,"115.400000,36.600000",,FALSE
115.4,37.5,345,TRUE,"115.400000,37.500000",,FALSE
115.4,38.4,346,TRUE,"115.400000,38.400000",,FALSE
115.4,39.3,347,TRUE,"115.400000,39.300000",,FALSE
115.4,40.2,348,TRUE,"115.400000,40.200000",,FALSE
115.4,41.1,349,TRUE,"115.400000,41.100000",,FALSE
115.4,42,350,TRUE,"115.400000,42.000000",,FALSE
116.2,20.4,351,FALSE,"116.200000,20.400000",,FALSE
116.2,21.3,352,FALSE,"116.200000,21.300000",,FALSE
116.2,22.2,353,FALSE,"116.200000,22.200000",,FALSE
116.2,23.1,354,TRUE,"116.200000,23.100000",,FALSE
116.2,24,355,TRUE,"116.200000,24.000000",86,TRUE
116.2,24.9,356,TRUE,"116.200000,24.900000",,FALSE
116.2,25.8,357,TRUE,"116.200000,25.800000",87,TRUE
116.2,26.7,358,TRUE,"116.200000,26.700000",,FALSE
116.2,27.6,359,TRUE,"116.200000,27.600000",88,TRUE
116.2,28.5,360,TRUE,"116.200000,28.500000",,FALSE
116.2,29.4,361,TRUE,"116.200000,29.400000",89,TRUE
116.2,30.3,362,TRUE,"116.200000,30.300000",,FALSE
116.2,31.2,363,TRUE,"116.200000,31.200000",90,TRUE
116.2,32.1,364,TRUE,"116.200000,32.100000",,FALSE
116.2,33,365,TRUE,"116.200000,33.000000",91,TRUE
116.2,33.9,366,TRUE,"116.200000,33.900000",,FALSE
116.2,34.8,367,TRUE,"116.200000,34.800000",92,TRUE
116.2,35.7,368,TRUE,"116.200000,35.700000",,FALSE
116.2,36.6,369,TRUE,"116.200000,36.600000",93,TRUE
116.2,37.5,370,TRUE,"116.200000,37.500000",,FALSE
116.2,38.4,371,TRUE,"116.200000,38.400000",94,TRUE
116.2,39.3,372,TRUE,"116.200000,39.300000",,FALSE
116.2,40.2,373,TRUE,"116.200000,40.200000",95,TRUE
116.2,41.1,374,TRUE,"116.200000,41.100000",,FALSE
116.2,42,375,TRUE,"116.200000,42.000000",96,TRUE
117,20.4,376,FALSE,"117.000000,20.400000",,FALSE
117,21.3,377,FALSE,"117.000000,21.300000",,FALSE
117,22.2,378,FALSE,"117.000000,22.200000",,FALSE
117,23.1,379,FALSE,"117.000000,23.100000",,FALSE
117,24,380,TRUE,"117.000000,24.000000",,FALSE
117,24.9,381,TRUE,"117.000000,24.900000",,FALSE
117,25.8,382,TRUE,"117.000000,25.800000",,FALSE
117,26.7,383,TRUE,"117.000000,26.700000",,FALSE
117,27.6,384,TRUE,"117.000000,27.600000",,FALSE
117,28.5,385,TRUE,"117.000000,28.500000",,FALSE
117,29.4,386,TRUE,"117.000000,29.400000",,FALSE
117,30.3,387,TRUE,"117.000000,30.300000",,FALSE
117,31.2,388,TRUE,"117.000000,31.200000",,FALSE
117,32.1,389,TRUE,"117.000000,32.100000",,FALSE
117,33,390,TRUE,"117.000000,33.000000",,FALSE
117,33.9,391,TRUE,"117.000000,33.900000",,FALSE
117,34.8,392,TRUE,"117.000000,34.800000",,FALSE
117,35.7,393,TRUE,"117.000000,35.700000",,FALSE
117,36.6,394,TRUE,"117.000000,36.600000",,FALSE
117,37.5,395,TRUE,"117.000000,37.500000",,FALSE
117,38.4,396,TRUE,"117.000000,38.400000",,FALSE
117,39.3,397,TRUE,"117.000000,39.300000",,FALSE
117,40.2,398,TRUE,"117.000000,40.200000",,FALSE
117,41.1,399,TRUE,"117.000000,41.100000",,FALSE
117,42,400,TRUE,"117.000000,42.000000",,FALSE
117.8,20.4,401,FALSE,"117.800000,20.400000",,FALSE
117.8,21.3,402,FALSE,"117.800000,21.300000",,FALSE
117.8,22.2,403,FALSE,"117.800000,22.200000",,FALSE
117.8,23.1,404,FALSE,"117.800000,23.100000",,FALSE
117.8,24,405,FALSE,"117.800000,24.000000",,FALSE
117.8,24.9,406,TRUE,"117.800000,24.900000",,FALSE
117.8,25.8,407,TRUE,"117.800000,25.800000",97,TRUE
117.8,26.7,408,TRUE,"117.800000,26.700000",,FALSE
117.8,27.6,409,TRUE,"117.800000,27.600000",98,TRUE
117.8,28.5,410,TRUE,"117.800000,28.500000",,FALSE
117.8,29.4,411,TRUE,"117.800000,29.400000",99,TRUE
117.8,30.3,412,TRUE,"117.800000,30.300000",,FALSE
117.8,31.2,413,TRUE,"117.800000,31.200000",100,TRUE
117.8,32.1,414,TRUE,"117.800000,32.100000",,FALSE
117.8,33,415,TRUE,"117.800000,33.000000",101,TRUE
117.8,33.9,416,TRUE,"117.800000,33.900000",,FALSE
117.8,34.8,417,TRUE,"117.800000,34.800000",102,TRUE
117.8,35.7,418,TRUE,"117.800000,35.700000",,FALSE
117.8,36.6,419,TRUE,"117.800000,36.600000",103,TRUE
117.8,37.5,420,TRUE,"117.800000,37.500000",,FALSE
117.8,38.4,421,FALSE,"117.800000,38.400000",,FALSE
117.8,39.3,422,TRUE,"117.800000,39.300000",,FALSE
117.8,40.2,423,TRUE,"117.800000,40.200000",104,TRUE
117.8,41.1,424,TRUE,"117.800000,41.100000",,FALSE
117.8,42,425,TRUE,"117.800000,42.000000",105,TRUE
118.6,20.4,426,FALSE,"118.600000,20.400000",,FALSE
118.6,21.3,427,FALSE,"118.600000,21.300000",,FALSE
118.6,22.2,428,FALSE,"118.600000,22.200000",,FALSE
118.6,23.1,429,FALSE,"118.600000,23.100000",,FALSE
118.6,24,430,FALSE,"118.600000,24.000000",,FALSE
118.6,24.9,431,TRUE,"118.600000,24.900000",,FALSE
118.6,25.8,432,TRUE,"118.600000,25.800000",,FALSE
118.6,26.7,433,TRUE,"118.600000,26.700000",,FALSE
118.6,27.6,434,TRUE,"118.600000,27.600000",,FALSE
118.6,28.5,435,TRUE,"118.600000,28.500000",,FALSE
118.6,29.4,436,TRUE,"118.600000,29.400000",,FALSE
118.6,30.3,437,TRUE,"118.600000,30.300000",,FALSE
118.6,31.2,438,TRUE,"118.600000,31.200000",,FALSE
118.6,32.1,439,TRUE,"118.600000,32.100000",,FALSE
118.6,33,440,TRUE,"118.600000,33.000000",,FALSE
118.6,33.9,441,TRUE,"118.600000,33.900000",,FALSE
118.6,34.8,442,TRUE,"118.600000,34.800000",,FALSE
118.6,35.7,443,TRUE,"118.600000,35.700000",,FALSE
118.6,36.6,444,TRUE,"118.600000,36.600000",,FALSE
118.6,37.5,445,TRUE,"118.600000,37.500000",,FALSE
118.6,38.4,446,FALSE,"118.600000,38.400000",,FALSE
118.6,39.3,447,TRUE,"118.600000,39.300000",,FALSE
118.6,40.2,448,TRUE,"118.600000,40.200000",,FALSE
118.6,41.1,449,TRUE,"118.600000,41.100000",,FALSE
118.6,42,450,TRUE,"118.600000,42.000000",,FALSE
119.4,20.4,451,FALSE,"119.400000,20.400000",,FALSE
119.4,21.3,452,FALSE,"119.400000,21.300000",,FALSE
119.4,22.2,453,FALSE,"119.400000,22.200000",,FALSE
119.4,23.1,454,FALSE,"119.400000,23.100000",,FALSE
119.4,24,455,FALSE,"119.400000,24.000000",,FALSE
119.4,24.9,456,FALSE,"119.400000,24.900000",,FALSE
119.4,25.8,457,TRUE,"119.400000,25.800000",106,TRUE
119.4,26.7,458,TRUE,"119.400000,26.700000",,FALSE
119.4,27.6,459,TRUE,"119.400000,27.600000",107,TRUE
119.4,28.5,460,TRUE,"119.400000,28.500000",,FALSE
119.4,29.4,461,TRUE,"119.400000,29.400000",108,TRUE
119.4,30.3,462,TRUE,"119.400000,30.300000",,FALSE
119.4,31.2,463,TRUE,"119.400000,31.200000",109,TRUE
119.4,32.1,464,TRUE,"119.400000,32.100000",,FALSE
119.4,33,465,TRUE,"119.400000,33.000000",110,TRUE
119.4,33.9,466,TRUE,"119.400000,33.900000",,FALSE
119.4,34.8,467,FALSE,"119.400000,34.800000",,FALSE
119.4,35.7,468,TRUE,"119.400000,35.700000",,FALSE
119.4,36.6,469,TRUE,"119.400000,36.600000",111,TRUE
119.4,37.5,470,FALSE,"119.400000,37.500000",,FALSE
119.4,38.4,471,FALSE,"119.400000,38.400000",,FALSE
119.4,39.3,472,FALSE,"119.400000,39.300000",,FALSE
119.4,40.2,473,TRUE,"119.400000,40.200000",112,TRUE
119.4,41.1,474,TRUE,"119.400000,41.100000",,FALSE
119.4,42,475,TRUE,"119.400000,42.000000",113,TRUE
120.2,20.4,476,FALSE,"120.200000,20.400000",,FALSE
120.2,21.3,477,FALSE,"120.200000,21.300000",,FALSE
120.2,22.2,478,FALSE,"120.200000,22.200000",,FALSE
120.2,23.1,479,TRUE,"120.200000,23.100000",,FALSE
120.2,24,480,FALSE,"120.200000,24.000000",,FALSE
120.2,24.9,481,FALSE,"120.200000,24.900000",,FALSE
120.2,25.8,482,FALSE,"120.200000,25.800000",,FALSE
120.2,26.7,483,FALSE,"120.200000,26.700000",,FALSE
120.2,27.6,484,TRUE,"120.200000,27.600000",,FALSE
120.2,28.5,485,TRUE,"120.200000,28.500000",,FALSE
120.2,29.4,486,TRUE,"120.200000,29.400000",,FALSE
120.2,30.3,487,TRUE,"120.200000,30.300000",,FALSE
120.2,31.2,488,TRUE,"120.200000,31.200000",,FALSE
120.2,32.1,489,TRUE,"120.200000,32.100000",,FALSE
120.2,33,490,TRUE,"120.200000,33.000000",,FALSE
120.2,33.9,491,TRUE,"120.200000,33.900000",,FALSE
120.2,34.8,492,FALSE,"120.200000,34.800000",,FALSE
120.2,35.7,493,FALSE,"120.200000,35.700000",,FALSE
120.2,36.6,494,TRUE,"120.200000,36.600000",,FALSE
120.2,37.5,495,TRUE,"120.200000,37.500000",,FALSE
120.2,38.4,496,FALSE,"120.200000,38.400000",,FALSE
120.2,39.3,497,FALSE,"120.200000,39.300000",,FALSE
120.2,40.2,498,TRUE,"120.200000,40.200000",,FALSE
120.2,41.1,499,TRUE,"120.200000,41.100000",,FALSE
120.2,42,500,TRUE,"120.200000,42.000000",,FALSE
121,20.4,501,FALSE,"121.000000,20.400000",,FALSE
121,21.3,502,FALSE,"121.000000,21.300000",,FALSE
121,22.2,503,FALSE,"121.000000,22.200000",,FALSE
121,23.1,504,TRUE,"121.000000,23.100000",,FALSE
121,24,505,TRUE,"121.000000,24.000000",114,TRUE
121,24.9,506,FALSE,"121.000000,24.900000",,FALSE
121,25.8,507,FALSE,"121.000000,25.800000",,FALSE
121,26.7,508,FALSE,"121.000000,26.700000",,FALSE
121,27.6,509,FALSE,"121.000000,27.600000",,FALSE
121,28.5,510,TRUE,"121.000000,28.500000",,FALSE
121,29.4,511,TRUE,"121.000000,29.400000",115,TRUE
121,30.3,512,FALSE,"121.000000,30.300000",,FALSE
121,31.2,513,TRUE,"121.000000,31.200000",116,TRUE
121,32.1,514,TRUE,"121.000000,32.100000",,FALSE
121,33,515,FALSE,"121.000000,33.000000",,FALSE
121,33.9,516,FALSE,"121.000000,33.900000",,FALSE
121,34.8,517,FALSE,"121.000000,34.800000",,FALSE
121,35.7,518,FALSE,"121.000000,35.700000",,FALSE
121,36.6,519,FALSE,"121.000000,36.600000",,FALSE
121,37.5,520,TRUE,"121.000000,37.500000",,FALSE
121,38.4,521,FALSE,"121.000000,38.400000",,FALSE
121,39.3,522,FALSE,"121.000000,39.300000",,FALSE
121,40.2,523,FALSE,"121.000000,40.200000",,FALSE
121,41.1,524,TRUE,"121.000000,41.100000",,FALSE
121,42,525,TRUE,"121.000000,42.000000",117,TRUE
121.8,20.4,526,FALSE,"121.800000,20.400000",,FALSE
121.8,21.3,527,FALSE,"121.800000,21.300000",,FALSE
121.8,22.2,528,FALSE,"121.800000,22.200000",,FALSE
121.8,23.1,529,FALSE,"121.800000,23.100000",,FALSE
121.8,24,530,FALSE,"121.800000,24.000000",,FALSE
121.8,24.9,531,TRUE,"121.800000,24.900000",,FALSE
121.8,25.8,532,FALSE,"121.800000,25.800000",,FALSE
121.8,26.7,533,FALSE,"121.800000,26.700000",,FALSE
121.8,27.6,534,FALSE,"121.800000,27.600000",,FALSE
121.8,28.5,535,FALSE,"121.800000,28.500000",,FALSE
121.8,29.4,536,TRUE,"121.800000,29.400000",,FALSE
121.8,30.3,537,FALSE,"121.800000,30.300000",,FALSE
121.8,31.2,538,TRUE,"121.800000,31.200000",,FALSE
121.8,32.1,539,FALSE,"121.800000,32.100000",,FALSE
121.8,33,540,FALSE,"121.800000,33.000000",,FALSE
121.8,33.9,541,FALSE,"121.800000,33.900000",,FALSE
121.8,34.8,542,FALSE,"121.800000,34.800000",,FALSE
121.8,35.7,543,FALSE,"121.800000,35.700000",,FALSE
121.8,36.6,544,FALSE,"121.800000,36.600000",,FALSE
121.8,37.5,545,FALSE,"121.800000,37.500000",,FALSE
121.8,38.4,546,FALSE,"121.800000,38.400000",,FALSE
121.8,39.3,547,TRUE,"121.800000,39.300000",,FALSE
121.8,40.2,548,FALSE,"121.800000,40.200000",,FALSE
121.8,41.1,549,TRUE,"121.800000,41.100000",,FALSE
121.8,42,550,TRUE,"121.800000,42.000000",,FALSE
122.6,20.4,551,FALSE,"122.600000,20.400000",,FALSE
122.6,21.3,552,FALSE,"122.600000,21.300000",,FALSE
122.6,22.2,553,FALSE,"122.600000,22.200000",,FALSE
122.6,23.1,554,FALSE,"122.600000,23.100000",,FALSE
122.6,24,555,FALSE,"122.600000,24.000000",,FALSE
122.6,24.9,556,FALSE,"122.600000,24.900000",,FALSE
122.6,25.8,557,FALSE,"122.600000,25.800000",,FALSE
122.6,26.7,558,FALSE,"122.600000,26.700000",,FALSE
122.6,27.6,559,FALSE,"122.600000,27.600000",,FALSE
122.6,28.5,560,FALSE,"122.600000,28.500000",,FALSE
122.6,29.4,561,FALSE,"122.600000,29.400000",,FALSE
122.6,30.3,562,FALSE,"122.600000,30.300000",,FALSE
122.6,31.2,563,FALSE,"122.600000,31.200000",,FALSE
122.6,32.1,564,FALSE,"122.600000,32.100000",,FALSE
122.6,33,565,FALSE,"122.600000,33.000000",,FALSE
122.6,33.9,566,FALSE,"122.600000,33.900000",,FALSE
122.6,34.8,567,FALSE,"122.600000,34.800000",,FALSE
122.6,35.7,568,FALSE,"122.600000,35.700000",,FALSE
122.6,36.6,569,FALSE,"122.600000,36.600000",,FALSE
122.6,37.5,570,FALSE,"122.600000,37.500000",,FALSE
122.6,38.4,571,FALSE,"122.600000,38.400000",,FALSE
122.6,39.3,572,FALSE,"122.600000,39.300000",,FALSE
122.6,40.2,573,TRUE,"122.600000,40.200000",118,TRUE
122.6,41.1,574,TRUE,"122.600000,41.100000",,FALSE
122.6,42,575,TRUE,"122.600000,42.000000",119,TRUE
123.4,20.4,576,FALSE,"123.400000,20.400000",,FALSE
123.4,21.3,577,FALSE,"123.400000,21.300000",,FALSE
123.4,22.2,578,FALSE,"123.400000,22.200000",,FALSE
123.4,23.1,579,FALSE,"123.400000,23.100000",,FALSE
123.4,24,580,FALSE,"123.400000,24.000000",,FALSE
123.4,24.9,581,FALSE,"123.400000,24.900000",,FALSE
123.4,25.8,582,FALSE,"123.400000,25.800000",,FALSE
123.4,26.7,583,FALSE,"123.400000,26.700000",,FALSE
123.4,27.6,584,FALSE,"123.400000,27.600000",,FALSE
123.4,28.5,585,FALSE,"123.400000,28.500000",,FALSE
123.4,29.4,586,FALSE,"123.400000,29.400000",,FALSE
123.4,30.3,587,FALSE,"123.400000,30.300000",,FALSE
123.4,31.2,588,FALSE,"123.400000,31.200000",,FALSE
123.4,32.1,589,FALSE,"123.400000,32.100000",,FALSE
123.4,33,590,FALSE,"123.400000,33.000000",,FALSE
123.4,33.9,591,FALSE,"123.400000,33.900000",,FALSE
123.4,34.8,592,FALSE,"123.400000,34.800000",,FALSE
123.4,35.7,593,FALSE,"123.400000,35.700000",,FALSE
123.4,36.6,594,FALSE,"123.400000,36.600000",,FALSE
123.4,37.5,595,FALSE,"123.400000,37.500000",,FALSE
123.4,38.4,596,FALSE,"123.400000,38.400000",,FALSE
123.4,39.3,597,FALSE,"123.400000,39.300000",,FALSE
123.4,40.2,598,TRUE,"123.400000,40.200000",,FALSE
123.4,41.1,599,TRUE,"123.400000,41.100000",,FALSE
123.4,42,600,TRUE,"123.400000,42.000000",,FALSE
124.2,20.4,601,FALSE,"124.200000,20.400000",,FALSE
124.2,21.3,602,FALSE,"124.200000,21.300000",,FALSE
124.2,22.2,603,FALSE,"124.200000,22.200000",,FALSE
124.2,23.1,604,FALSE,"124.200000,23.100000",,FALSE
124.2,24,605,FALSE,"124.200000,24.000000",,FALSE
124.2,24.9,606,FALSE,"124.200000,24.900000",,FALSE
124.2,25.8,607,FALSE,"124.200000,25.800000",,FALSE
124.2,26.7,608,FALSE,"124.200000,26.700000",,FALSE
124.2,27.6,609,FALSE,"124.200000,27.600000",,FALSE
124.2,28.5,610,FALSE,"124.200000,28.500000",,FALSE
124.2,29.4,611,FALSE,"124.200000,29.400000",,FALSE
124.2,30.3,612,FALSE,"124.200000,30.300000",,FALSE
124.2,31.2,613,FALSE,"124.200000,31.200000",,FALSE
124.2,32.1,614,FALSE,"124.200000,32.100000",,FALSE
124.2,33,615,FALSE,"124.200000,33.000000",,FALSE
124.2,33.9,616,FALSE,"124.200000,33.900000",,FALSE
124.2,34.8,617,FALSE,"124.200000,34.800000",,FALSE
124.2,35.7,618,FALSE,"124.200000,35.700000",,FALSE
124.2,36.6,619,FALSE,"124.200000,36.600000",,FALSE
124.2,37.5,620,FALSE,"124.200000,37.500000",,FALSE
124.2,38.4,621,FALSE,"124.200000,38.400000",,FALSE
124.2,39.3,622,FALSE,"124.200000,39.300000",,FALSE
124.2,40.2,623,TRUE,"124.200000,40.200000",120,TRUE
124.2,41.1,624,TRUE,"124.200000,41.100000",,FALSE
124.2,42,625,TRUE,"124.200000,42.000000",121,TRUE
125,20.4,626,FALSE,"125.000000,20.400000",,FALSE
125,21.3,627,FALSE,"125.000000,21.300000",,FALSE
125,22.2,628,FALSE,"125.000000,22.200000",,FALSE
125,23.1,629,FALSE,"125.000000,23.100000",,FALSE
125,24,630,FALSE,"125.000000,24.000000",,FALSE
125,24.9,631,FALSE,"125.000000,24.900000",,FALSE
125,25.8,632,FALSE,"125.000000,25.800000",,FALSE
125,26.7,633,FALSE,"125.000000,26.700000",,FALSE
125,27.6,634,FALSE,"125.000000,27.600000",,FALSE
125,28.5,635,FALSE,"125.000000,28.500000",,FALSE
125,29.4,636,FALSE,"125.000000,29.400000",,FALSE
125,30.3,637,FALSE,"125.000000,30.300000",,FALSE
125,31.2,638,FALSE,"125.000000,31.200000",,FALSE
125,32.1,639,FALSE,"125.000000,32.100000",,FALSE
125,33,640,FALSE,"125.000000,33.000000",,FALSE
125,33.9,641,FALSE,"125.000000,33.900000",,FALSE
125,34.8,642,FALSE,"125.000000,34.800000",,FALSE
125,35.7,643,FALSE,"125.000000,35.700000",,FALSE
125,36.6,644,FALSE,"125.000000,36.600000",,FALSE
125,37.5,645,FALSE,"125.000000,37.500000",,FALSE
125,38.4,646,TRUE,"125.000000,38.400000",,FALSE
125,39.3,647,FALSE,"125.000000,39.300000",,FALSE
125,40.2,648,TRUE,"125.000000,40.200000",,FALSE
125,41.1,649,TRUE,"125.000000,41.100000",,FALSE
125,42,650,TRUE,"125.000000,42.000000",,FALSE
