basis,year,bandwidth_km,total_effect,structured_component,residual_component,analysis_role
latitude,1991,125.7997650312984,0.07281041033487624,-0.015824259903285568,0.08863467023816213,held_out
latitude,1991,251.5995300625968,0.07721930439696767,-0.030966982215849707,0.10818628661281755,held_out
latitude,1991,503.1990601251936,0.08419294833409774,-0.05240829898248877,0.1366012473165875,held_out
latitude,1991,1006.3981202503873,0.0417117272560617,-0.0780343773718634,0.11974610462792512,held_out
latitude,1991,2012.7962405007745,0.004766025278982446,-0.09591592071090527,0.10068194598988763,held_out
latitude,1992,125.7997650312984,0.046962210265220135,-0.02286702790724532,0.06982923817246597,held_out
latitude,1992,251.5995300625968,0.03576211147413285,-0.04480880998446857,0.0805709214586011,held_out
latitude,1992,503.1990601251936,0.029034860969233103,-0.07901543547952129,0.1080502964487537,held_out
latitude,1992,1006.3981202503873,-0.020332868128932226,-0.11767460483912003,0.09734173671018852,held_out
latitude,1992,2012.7962405007745,-0.05810118311111042,-0.13910133557698764,0.08100015246587715,held_out
latitude,1993,125.7997650312984,-0.016880659568624858,-0.02842259474945144,0.011541935180827323,held_out
latitude,1993,251.5995300625968,-0.007764407688317205,-0.04556770147039838,0.0378032937820819,held_out
latitude,1993,503.1990601251936,-0.004533389415210395,-0.0688307600022474,0.06429737058703712,held_out
latitude,1993,1006.3981202503873,-0.03870833447015266,-0.09450867920174182,0.05580034473158854,held_out
latitude,1993,2012.7962405007745,-0.06601950988657586,-0.10962983089835675,0.043610321011780855,held_out
latitude,1994,125.7997650312984,0.038272464224816914,-0.018260353973986166,0.056532818198803785,held_out
latitude,1994,251.5995300625968,0.04487437642391661,-0.03655148206077675,0.08142585848469379,held_out
latitude,1994,503.1990601251936,0.03785570979443411,-0.07443187876870798,0.11228758856314247,held_out
latitude,1994,1006.3981202503873,-0.01698280777912688,-0.11833122761176795,0.10134841983264127,held_out
latitude,1994,2012.7962405007745,-0.05631557693340917,-0.14262186322544035,0.08630628629203065,held_out
latitude,1995,125.7997650312984,0.007188224917916329,-0.005153202729559297,0.012341427647475303,held_out
latitude,1995,251.5995300625968,-0.012526020593260294,-0.016907079503748618,0.004381058910488632,held_out
latitude,1995,503.1990601251936,-0.0544034124062951,-0.049315731037029915,-0.005087681369265094,held_out
latitude,1995,1006.3981202503873,-0.09620459253762814,-0.08807257886310547,-0.008132013674522473,held_out
latitude,1995,2012.7962405007745,-0.1124900239085906,-0.10385853562554874,-0.008631488283042214,held_out
latitude,1996,125.7997650312984,-0.0692398000783243,-0.03618923720568464,-0.033050562872638134,held_out
latitude,1996,251.5995300625968,-0.061879549072442246,-0.06051344619911259,-0.0013661028733302331,held_out
latitude,1996,503.1990601251936,-0.06310095366619518,-0.10270454978977202,0.03960359612357776,held_out
latitude,1996,1006.3981202503873,-0.12582043820542843,-0.15338510192865348,0.027564663723225136,held_out
latitude,1996,2012.7962405007745,-0.16707741679952962,-0.18052964931787566,0.013452232518346404,held_out
latitude,1997,125.7997650312984,-0.07432589002648483,-0.026435478834671542,-0.04789041119181411,held_out
latitude,1997,251.5995300625968,-0.10154294145229938,-0.048817680641803675,-0.05272526081049633,held_out
latitude,1997,503.1990601251936,-0.137180895383379,-0.08557947491197448,-0.05160142047140486,held_out
latitude,1997,1006.3981202503873,-0.17534008727902228,-0.12460826436116205,-0.05073182291786043,held_out
latitude,1997,2012.7962405007745,-0.1943456862154047,-0.14357539264460653,-0.05077029357079763,held_out
latitude,1998,125.7997650312984,-0.001152796210324376,-0.021327909592822294,0.020175113382498316,held_out
latitude,1998,251.5995300625968,0.001827702121129646,-0.03739980615120176,0.039227508272331006,held_out
latitude,1998,503.1990601251936,-0.002542427518170229,-0.07084270265237383,0.06830027513420357,held_out
latitude,1998,1006.3981202503873,-0.035399816289870156,-0.10570566648517425,0.0703058501953039,held_out
latitude,1998,2012.7962405007745,-0.055945234953684114,-0.11997374253759197,0.06402850758390784,held_out
latitude,1999,125.7997650312984,-0.1071823877458709,-0.044160920922218995,-0.06302146682365119,held_out
latitude,1999,251.5995300625968,-0.13773752520137067,-0.07054612710458394,-0.0671913980967872,held_out
latitude,1999,503.1990601251936,-0.1663211587104229,-0.11432151760421343,-0.05199964110620962,held_out
latitude,1999,1006.3981202503873,-0.20490429324561318,-0.16688759372677753,-0.03801669951883566,held_out
latitude,1999,2012.7962405007745,-0.23009175451788658,-0.19460783566370507,-0.03548391885418166,held_out
latitude,2000,125.7997650312984,-0.11036013010090166,-0.03304856910279721,-0.07731156099810461,held_out
latitude,2000,251.5995300625968,-0.13251151409061865,-0.05819378445541947,-0.07431772963519949,held_out
latitude,2000,503.1990601251936,-0.16746543759046295,-0.10946556230385356,-0.05799987528660929,held_out
latitude,2000,1006.3981202503873,-0.21902491624922682,-0.16719504358752402,-0.05182987266170303,held_out
latitude,2000,2012.7962405007745,-0.24737756004821213,-0.19616556557049616,-0.051211994477716107,held_out
latitude,2001,125.7997650312984,-0.0677674123387161,-0.029469320970807043,-0.038298091367909036,held_out
latitude,2001,251.5995300625968,-0.0721552042248418,-0.04984731281744156,-0.022307891407399225,held_out
latitude,2001,503.1990601251936,-0.08340922611891256,-0.08723919864639423,0.0038299725274824384,held_out
latitude,2001,1006.3981202503873,-0.12115689989062349,-0.13214480736044978,0.01098790746982579,held_out
latitude,2001,2012.7962405007745,-0.14749520067323718,-0.15549403946771284,0.00799883879447528,held_out
latitude,2002,125.7997650312984,0.025286562766058684,-0.011744940926433863,0.03703150369249177,held_out
latitude,2002,251.5995300625968,0.022962254498446844,-0.02414638819366656,0.04710864269211407,held_out
latitude,2002,503.1990601251936,0.03250626044426049,-0.03831121702325361,0.07081747746751428,held_out
latitude,2002,1006.3981202503873,0.02111579049180635,-0.05006483869700751,0.07118062918881371,held_out
latitude,2002,2012.7962405007745,0.003204059635737037,-0.05889596403368238,0.0621000236694197,held_out
latitude,2003,125.7997650312984,0.009598034502633593,-0.028194516198454034,0.03779255070108726,held_out
latitude,2003,251.5995300625968,0.007227065477928313,-0.048145406817610446,0.05537247229553876,held_out
latitude,2003,503.1990601251936,-0.004618159186255882,-0.09675421370859105,0.09213605452233505,held_out
latitude,2003,1006.3981202503873,-0.06998528072981793,-0.15469661915955066,0.08471133842973244,held_out
latitude,2003,2012.7962405007745,-0.10755049583247812,-0.17955235429459818,0.07200185846212005,held_out
latitude,2004,125.7997650312984,-8.815421416239848e-05,-0.029826233487859167,0.029738079273697374,held_out
latitude,2004,251.5995300625968,-0.010005581311561951,-0.060130841358905895,0.05012526004734424,held_out
latitude,2004,503.1990601251936,-0.03161321027749355,-0.11617951862599583,0.08456630834850269,held_out
latitude,2004,1006.3981202503873,-0.09751911147577735,-0.17637011137343894,0.07885099989766113,held_out
latitude,2004,2012.7962405007745,-0.14062161844321494,-0.2078421231504424,0.067220504707227,held_out
latitude,2005,125.7997650312984,-0.05048876638118178,-0.03588789217092996,-0.01460087421025197,held_out
latitude,2005,251.5995300625968,-0.06507217075894665,-0.06086907819225587,-0.004203092566691362,held_out
latitude,2005,503.1990601251936,-0.08987288358534729,-0.11232695288125494,0.02245406929590742,held_out
latitude,2005,1006.3981202503873,-0.1445061924134975,-0.17513538753183044,0.030629195118332692,held_out
latitude,2005,2012.7962405007745,-0.1799367318861139,-0.20772010976621183,0.027783377880098492,held_out
latitude,2006,125.7997650312984,-0.040054711487800765,-0.020484383397116772,-0.019570328090683167,held_out
latitude,2006,251.5995300625968,-0.053050437122116524,-0.042514966367807584,-0.010535470754308301,held_out
latitude,2006,503.1990601251936,-0.08710379142472695,-0.07867888720857742,-0.008424904216149304,held_out
latitude,2006,1006.3981202503873,-0.1371482518280955,-0.11915677680799347,-0.017991475020101955,held_out
latitude,2006,2012.7962405007745,-0.16203416653242073,-0.1398403655852168,-0.022193800947204263,held_out
latitude,2007,125.7997650312984,0.04689492352015042,-0.03540382853673452,0.08229875205688482,held_out
latitude,2007,251.5995300625968,0.04425642252381599,-0.062186762956440184,0.10644318548025587,held_out
latitude,2007,503.1990601251936,0.010748305864602833,-0.11433591372670476,0.12508421959130778,held_out
latitude,2007,1006.3981202503873,-0.07775516085830302,-0.17657631315157118,0.09882115229326803,held_out
latitude,2007,2012.7962405007745,-0.12990271329871625,-0.20900578405280004,0.0791030707540842,held_out
latitude,2008,125.7997650312984,0.03211732059294587,-0.01871454726162757,0.05083186785457419,held_out
latitude,2008,251.5995300625968,0.01275453003395037,-0.030960157347874624,0.04371468738182426,held_out
latitude,2008,503.1990601251936,-0.01843600236920943,-0.061040279015426226,0.042604276646217326,held_out
latitude,2008,1006.3981202503873,-0.0632149565716328,-0.0971031303089563,0.03388817373732335,held_out
latitude,2008,2012.7962405007745,-0.08710642835472411,-0.1148176644869298,0.027711236132205535,held_out
latitude,2009,125.7997650312984,-0.08414173102131213,-0.024766670137668534,-0.05937506088364416,held_out
latitude,2009,251.5995300625968,-0.08653275327624399,-0.045687191878090526,-0.04084556139815416,held_out
latitude,2009,503.1990601251936,-0.10517391999956989,-0.08841789890975477,-0.016756021089814586,held_out
latitude,2009,1006.3981202503873,-0.14453185828078485,-0.13345217208434043,-0.01107968619644438,held_out
latitude,2009,2012.7962405007745,-0.16515886186819426,-0.1523961017698647,-0.01276276009832951,held_out
latitude,2010,125.7997650312984,-0.008427480424166063,-0.035046004002035634,0.02661852357787148,held_out
latitude,2010,251.5995300625968,-0.01879529319471244,-0.05492634283377623,0.03613104963906404,held_out
latitude,2010,503.1990601251936,-0.041185836355734175,-0.08623007122019977,0.04504423486446627,held_out
latitude,2010,1006.3981202503873,-0.09754692522242525,-0.12757493978146692,0.030028014559041544,held_out
latitude,2010,2012.7962405007745,-0.13640810627072697,-0.15403733694440766,0.017629230673680715,held_out
latitude,2011,125.7997650312984,-0.015847881870322832,-0.03616414431079521,0.020316262440471747,held_out
latitude,2011,251.5995300625968,-0.026034848247796612,-0.061327828765747446,0.035292980517951586,held_out
latitude,2011,503.1990601251936,-0.04518523212370381,-0.10574596351075183,0.06056073138704863,held_out
latitude,2011,1006.3981202503873,-0.10901687980902446,-0.15582673476690742,0.046809854957882646,held_out
latitude,2011,2012.7962405007745,-0.14753527798602215,-0.18060093635701435,0.0330656583709922,held_out
latitude,2012,125.7997650312984,-0.1571974409109251,-0.04135024757832457,-0.11584719333260086,held_out
latitude,2012,251.5995300625968,-0.2205943323025441,-0.07623682281679196,-0.14435750948575182,held_out
latitude,2012,503.1990601251936,-0.3007200770347968,-0.1460065698343955,-0.15471350720040059,held_out
latitude,2012,1006.3981202503873,-0.3509542954207074,-0.2185884391869112,-0.13236585623379626,held_out
latitude,2012,2012.7962405007745,-0.3687728230252592,-0.2518774706033569,-0.11689535242190252,held_out
latitude,2013,125.7997650312984,0.008176083915524197,-0.017838158810120852,0.026014242725645786,held_out
latitude,2013,251.5995300625968,-0.01013264106710017,-0.029053195381250035,0.01892055431414991,held_out
latitude,2013,503.1990601251936,-0.03432284108807283,-0.05541582859528376,0.02109298750721147,held_out
latitude,2013,1006.3981202503873,-0.07822947752807426,-0.09090941580947866,0.012679938281403716,held_out
latitude,2013,2012.7962405007745,-0.10311575953339981,-0.10895864605819862,0.005842886524797891,held_out
latitude,2014,125.7997650312984,-0.006289860254514747,-0.0145198765459663,0.008230016291452412,held_out
latitude,2014,251.5995300625968,-0.00015455880273333952,-0.023288079862493333,0.023133521059759826,held_out
latitude,2014,503.1990601251936,0.018301176210815357,-0.03505583989516222,0.05335701610597763,held_out
latitude,2014,1006.3981202503873,0.0017858475255833571,-0.047201478427095926,0.04898732595267919,held_out
latitude,2014,2012.7962405007745,-0.015194974417808019,-0.05375608472432833,0.03856111030651979,held_out
latitude,2015,125.7997650312984,-0.12307942713824677,-0.043125556714636,-0.07995387042361031,development
latitude,2015,251.5995300625968,-0.1666166249964671,-0.08037990466988106,-0.08623672032658602,development
latitude,2015,503.1990601251936,-0.22276200196000348,-0.14216709252546364,-0.08059490943454005,development
latitude,2015,1006.3981202503873,-0.2709820091656706,-0.20527118651860846,-0.06571082264706209,development
latitude,2015,2012.7962405007745,-0.2946707833245899,-0.23559974001162476,-0.05907104331296547,development
latitude,2016,125.7997650312984,0.07912357863536047,-0.005742171515312956,0.08486575015067337,held_out
latitude,2016,251.5995300625968,0.08252566992073156,-0.019936355274036106,0.10246202519476828,held_out
latitude,2016,503.1990601251936,0.07206136470475583,-0.0540317333438378,0.12609309804859362,held_out
latitude,2016,1006.3981202503873,0.03373301472123153,-0.09056328771513666,0.12429630243636884,held_out
latitude,2016,2012.7962405007745,0.009219372644961782,-0.10864620188690809,0.11786557453186991,held_out
latitude,2017,125.7997650312984,-0.031226640591187262,-0.025335819990179632,-0.005890820601007442,held_out
latitude,2017,251.5995300625968,-0.03188029811473266,-0.04426366382980781,0.012383365715075008,held_out
latitude,2017,503.1990601251936,-0.045966681386309945,-0.07697215606641676,0.031005474680106684,held_out
latitude,2017,1006.3981202503873,-0.09289706399131904,-0.11720514793233212,0.024308083941013293,held_out
latitude,2017,2012.7962405007745,-0.12391302359437383,-0.14056507687585817,0.01665205328148414,held_out
latitude,2018,125.7997650312984,-0.09383054468399976,-0.036191919007115526,-0.05763862567688468,held_out
latitude,2018,251.5995300625968,-0.11276327190829226,-0.061461083823523666,-0.05130218808476833,held_out
latitude,2018,503.1990601251936,-0.13352527857057042,-0.10861437569416837,-0.024910902876401325,held_out
latitude,2018,1006.3981202503873,-0.1944829893698605,-0.17303597025782722,-0.02144701911203306,held_out
latitude,2018,2012.7962405007745,-0.23857265438439854,-0.21301198881063246,-0.0255606655737662,held_out
latitude,2019,125.7997650312984,-0.06714857394952246,-0.02913899214128907,-0.03800958180823364,held_out
latitude,2019,251.5995300625968,-0.07598703188008145,-0.052104464665530405,-0.023882567214550912,held_out
latitude,2019,503.1990601251936,-0.08557682369172363,-0.08902661822152502,0.003449794529800765,held_out
latitude,2019,1006.3981202503873,-0.11283552199027624,-0.12986025919393626,0.01702473720365989,held_out
latitude,2019,2012.7962405007745,-0.13473272799303715,-0.1530326570044823,0.01829992901144503,held_out
latitude,2020,125.7997650312984,-0.021265519774995172,-0.014800474509442654,-0.006465045265551462,held_out
latitude,2020,251.5995300625968,-0.02977817005329235,-0.029264075709157025,-0.0005140943441351982,held_out
latitude,2020,503.1990601251936,-0.058464573821708325,-0.06264223499406624,0.0041776611723574105,held_out
latitude,2020,1006.3981202503873,-0.09540801503886664,-0.09668441511389299,0.0012764000750259017,held_out
latitude,2020,2012.7962405007745,-0.11069292696552456,-0.1095173826970799,-0.001175544268444571,held_out
latitude,2021,125.7997650312984,-0.07016701212050834,-0.02610608316967898,-0.04406092895082938,held_out
latitude,2021,251.5995300625968,-0.06809586653998997,-0.04413951289874473,-0.023956353641245123,held_out
latitude,2021,503.1990601251936,-0.0706766462904372,-0.07582480428132994,0.005148157990892689,held_out
latitude,2021,1006.3981202503873,-0.10265702028341671,-0.11093119037468345,0.008274170091266872,held_out
latitude,2021,2012.7962405007745,-0.12381785210625695,-0.1283395880806975,0.004521735974440124,held_out
latitude,2022,125.7997650312984,0.033520855672358026,-0.03125538313359998,0.06477623880595827,development
latitude,2022,251.5995300625968,-0.006512407228926824,-0.06152908278920458,0.055016675560277895,development
latitude,2022,503.1990601251936,-0.08609336956944919,-0.11244680878253756,0.02635343921308887,development
latitude,2022,1006.3981202503873,-0.1673420555296294,-0.17691368738576965,0.009571631856139984,development
latitude,2022,2012.7962405007745,-0.2091480203186645,-0.21405829380323124,0.004910273484566509,development
latitude,2023,125.7997650312984,-0.13617324702248387,-0.028270653824582274,-0.10790259319790106,held_out
latitude,2023,251.5995300625968,-0.17455839585055502,-0.05405810484191775,-0.12050029100863809,held_out
latitude,2023,503.1990601251936,-0.21635927278475905,-0.1038511481786125,-0.11250812460614634,held_out
latitude,2023,1006.3981202503873,-0.24866197411339006,-0.16037542544862607,-0.08828654866476467,held_out
latitude,2023,2012.7962405007745,-0.26683170849534593,-0.1885086867548648,-0.07832302174048116,held_out
latitude,2024,125.7997650312984,0.040226922487642154,-0.02022991571124576,0.06045683819888866,held_out
latitude,2024,251.5995300625968,0.026664413704037392,-0.03882897105347111,0.06549338475750821,held_out
latitude,2024,503.1990601251936,0.000943782034089569,-0.07489487230828144,0.07583865434237082,held_out
latitude,2024,1006.3981202503873,-0.04673102314546673,-0.11527562803332177,0.06854460488785478,held_out
latitude,2024,2012.7962405007745,-0.07336237295476848,-0.13449028440517055,0.06112791145040197,held_out
latitude,2025,125.7997650312984,-0.11988279776377771,-0.034570037744653816,-0.08531276001912398,held_out
latitude,2025,251.5995300625968,-0.14827745530546402,-0.054930284611626,-0.09334717069383897,held_out
latitude,2025,503.1990601251936,-0.1870915582163342,-0.09241607562813299,-0.09467548258820184,held_out
latitude,2025,1006.3981202503873,-0.22606001762323102,-0.13692347377042502,-0.08913654385280577,held_out
latitude,2025,2012.7962405007745,-0.24524372120591123,-0.15910890124148988,-0.086134819964422,held_out
latitude_longitude,1991,125.7997650312984,0.07281041033487624,-0.012426692289633305,0.08523710262450952,held_out
latitude_longitude,1991,251.5995300625968,0.07721930439696767,-0.026077690677435945,0.10329699507440443,held_out
latitude_longitude,1991,503.1990601251936,0.08419294833409774,-0.0414917356535474,0.1256846839876455,held_out
latitude_longitude,1991,1006.3981202503873,0.0417117272560617,-0.0646628711980036,0.10637459845406567,held_out
latitude_longitude,1991,2012.7962405007745,0.004766025278982446,-0.08392364818197605,0.08868967346095835,held_out
latitude_longitude,1992,125.7997650312984,0.046962210265220135,-0.02415055443035571,0.07111276469557536,held_out
latitude_longitude,1992,251.5995300625968,0.03576211147413285,-0.04600742471244016,0.08176953618657283,held_out
latitude_longitude,1992,503.1990601251936,0.029034860969233103,-0.08118168166892398,0.11021654263815656,held_out
latitude_longitude,1992,1006.3981202503873,-0.020332868128932226,-0.1235263009078063,0.10319343277887462,held_out
latitude_longitude,1992,2012.7962405007745,-0.05810118311111042,-0.14698852599909074,0.08888734288798066,held_out
latitude_longitude,1993,125.7997650312984,-0.016880659568624858,-0.028921136228083535,0.012040476659459289,held_out
latitude_longitude,1993,251.5995300625968,-0.007764407688317205,-0.0453390613714817,0.03757465368316482,held_out
latitude_longitude,1993,503.1990601251936,-0.004533389415210395,-0.06783305974932581,0.06329967033411493,held_out
latitude_longitude,1993,1006.3981202503873,-0.03870833447015266,-0.09586790730769623,0.05715957283754288,held_out
latitude_longitude,1993,2012.7962405007745,-0.06601950988657586,-0.1137033009101346,0.04768379102355832,held_out
latitude_longitude,1994,125.7997650312984,0.038272464224816914,-0.007960610720611716,0.046233074945429255,held_out
latitude_longitude,1994,251.5995300625968,0.04487437642391661,-0.019676072558774245,0.06455044898269172,held_out
latitude_longitude,1994,503.1990601251936,0.03785570979443411,-0.04994319998264988,0.08779890977708425,held_out
latitude_longitude,1994,1006.3981202503873,-0.01698280777912688,-0.0942789276644022,0.07729611988527534,held_out
latitude_longitude,1994,2012.7962405007745,-0.05631557693340917,-0.12082645362719883,0.06451087669378901,held_out
latitude_longitude,1995,125.7997650312984,0.007188224917916329,-0.009315013466463509,0.016503238384380375,held_out
latitude_longitude,1995,251.5995300625968,-0.012526020593260294,-0.029770199177160325,0.017244178583900288,held_out
latitude_longitude,1995,503.1990601251936,-0.0544034124062951,-0.07769948328257094,0.02329607087627567,held_out
latitude_longitude,1995,1006.3981202503873,-0.09620459253762814,-0.12156691783233205,0.02536232529470428,held_out
latitude_longitude,1995,2012.7962405007745,-0.1124900239085906,-0.135615913075548,0.023125889166957053,held_out
latitude_longitude,1996,125.7997650312984,-0.0692398000783243,-0.04503946285455742,-0.02420033722376586,held_out
latitude_longitude,1996,251.5995300625968,-0.061879549072442246,-0.07483074695913683,0.012951197886694943,held_out
latitude_longitude,1996,503.1990601251936,-0.06310095366619518,-0.1274341432304625,0.06433318956426748,held_out
latitude_longitude,1996,1006.3981202503873,-0.12582043820542843,-0.18339612337751054,0.0575756851720819,held_out
latitude_longitude,1996,2012.7962405007745,-0.16707741679952962,-0.21170308283091024,0.04462566603138115,held_out
latitude_longitude,1997,125.7997650312984,-0.07432589002648483,-0.03550833402664589,-0.03881755599983939,held_out
latitude_longitude,1997,251.5995300625968,-0.10154294145229938,-0.06367437277860861,-0.037868568673690726,held_out
latitude_longitude,1997,503.1990601251936,-0.137180895383379,-0.1124355678752813,-0.024745327508099,held_out
latitude_longitude,1997,1006.3981202503873,-0.17534008727902228,-0.15938585243335002,-0.015954234845671884,held_out
latitude_longitude,1997,2012.7962405007745,-0.1943456862154047,-0.18057215549699115,-0.013773530718412925,held_out
latitude_longitude,1998,125.7997650312984,-0.001152796210324376,-0.011503901895219467,0.010351105684895452,held_out
latitude_longitude,1998,251.5995300625968,0.001827702121129646,-0.021894110546351597,0.023721812667481117,held_out
latitude_longitude,1998,503.1990601251936,-0.002542427518170229,-0.050702710277214284,0.04816028275904368,held_out
latitude_longitude,1998,1006.3981202503873,-0.035399816289870156,-0.08531244239351239,0.0499126261036426,held_out
latitude_longitude,1998,2012.7962405007745,-0.055945234953684114,-0.10024834458530867,0.044303109631624434,held_out
latitude_longitude,1999,125.7997650312984,-0.1071823877458709,-0.061976313784434155,-0.045206073961435465,held_out
latitude_longitude,1999,251.5995300625968,-0.13773752520137067,-0.09776461528652271,-0.03997290991484787,held_out
latitude_longitude,1999,503.1990601251936,-0.1663211587104229,-0.1541116677962338,-0.012209490914189396,held_out
latitude_longitude,1999,1006.3981202503873,-0.20490429324561318,-0.21008053643656768,0.005176243190955175,held_out
latitude_longitude,1999,2012.7962405007745,-0.23009175451788658,-0.23710667385492554,0.007014919337039083,held_out
latitude_longitude,2000,125.7997650312984,-0.11036013010090166,-0.03749400386594271,-0.07286612623495836,held_out
latitude_longitude,2000,251.5995300625968,-0.13251151409061865,-0.06839620282067284,-0.06411531126994569,held_out
latitude_longitude,2000,503.1990601251936,-0.16746543759046295,-0.13101286076857221,-0.03645257682189101,held_out
latitude_longitude,2000,1006.3981202503873,-0.21902491624922682,-0.19520997289575925,-0.0238149433534674,held_out
latitude_longitude,2000,2012.7962405007745,-0.24737756004821213,-0.22580465233353428,-0.021572907714678485,held_out
latitude_longitude,2001,125.7997650312984,-0.0677674123387161,-0.03202556700332166,-0.0357418453353933,held_out
latitude_longitude,2001,251.5995300625968,-0.0721552042248418,-0.05458683979035169,-0.01756836443448958,held_out
latitude_longitude,2001,503.1990601251936,-0.08340922611891256,-0.09701339061287158,0.013604164493959757,held_out
latitude_longitude,2001,1006.3981202503873,-0.12115689989062349,-0.14287448086501436,0.021717580974390874,held_out
latitude_longitude,2001,2012.7962405007745,-0.14749520067323718,-0.16619111709872197,0.018695916425484512,held_out
latitude_longitude,2002,125.7997650312984,0.025286562766058684,-0.012767120713355729,0.038053683479413444,held_out
latitude_longitude,2002,251.5995300625968,0.022962254498446844,-0.026180985038088175,0.04914323953653512,held_out
latitude_longitude,2002,503.1990601251936,0.03250626044426049,-0.040442273362113444,0.07294853380637377,held_out
latitude_longitude,2002,1006.3981202503873,0.02111579049180635,-0.05285222339715817,0.0739680138889644,held_out
latitude_longitude,2002,2012.7962405007745,0.003204059635737037,-0.06294554290383646,0.06614960253957365,held_out
latitude_longitude,2003,125.7997650312984,0.009598034502633593,-0.02874809749624462,0.03834613199887848,held_out
latitude_longitude,2003,251.5995300625968,0.007227065477928313,-0.04976305953203059,0.056990125009959626,held_out
latitude_longitude,2003,503.1990601251936,-0.004618159186255882,-0.10291241589693677,0.09829425671068044,held_out
latitude_longitude,2003,1006.3981202503873,-0.06998528072981793,-0.16366601217464527,0.0936807314448271,held_out
latitude_longitude,2003,2012.7962405007745,-0.10755049583247812,-0.18876633994746475,0.08121584411498664,held_out
latitude_longitude,2004,125.7997650312984,-8.815421416239848e-05,-0.027325619981930203,0.027237465767767904,held_out
latitude_longitude,2004,251.5995300625968,-0.010005581311561951,-0.05742519457621951,0.04741961326465799,held_out
latitude_longitude,2004,503.1990601251936,-0.03161321027749355,-0.11542574464955309,0.08381253437205927,held_out
latitude_longitude,2004,1006.3981202503873,-0.09751911147577735,-0.17572754894332943,0.07820843746755181,held_out
latitude_longitude,2004,2012.7962405007745,-0.14062161844321494,-0.2054575734568839,0.06483595501366825,held_out
latitude_longitude,2005,125.7997650312984,-0.05048876638118178,-0.031653023644934074,-0.01883574273624686,held_out
latitude_longitude,2005,251.5995300625968,-0.06507217075894665,-0.05599915222997892,-0.00907301852896833,held_out
latitude_longitude,2005,503.1990601251936,-0.08987288358534729,-0.10992712433781165,0.020054240752463644,held_out
latitude_longitude,2005,1006.3981202503873,-0.1445061924134975,-0.17360429457794405,0.02909810216444607,held_out
latitude_longitude,2005,2012.7962405007745,-0.1799367318861139,-0.20621089435529041,0.026274162469176885,held_out
latitude_longitude,2006,125.7997650312984,-0.040054711487800765,-0.030974966500814587,-0.009079744986986224,held_out
latitude_longitude,2006,251.5995300625968,-0.053050437122116524,-0.0614975488412376,0.008447111719121625,held_out
latitude_longitude,2006,503.1990601251936,-0.08710379142472695,-0.11217639052284951,0.02507259909812229,held_out
latitude_longitude,2006,1006.3981202503873,-0.1371482518280955,-0.15973683882854464,0.02258858700044906,held_out
latitude_longitude,2006,2012.7962405007745,-0.16203416653242073,-0.18124324113205417,0.019209074599632867,held_out
latitude_longitude,2007,125.7997650312984,0.04689492352015042,-0.02377596457199868,0.07067088809214922,held_out
latitude_longitude,2007,251.5995300625968,0.04425642252381599,-0.04271850053621495,0.08697492306003125,held_out
latitude_longitude,2007,503.1990601251936,0.010748305864602833,-0.08767899505902414,0.09842730092362717,held_out
latitude_longitude,2007,1006.3981202503873,-0.07775516085830302,-0.15179978976982475,0.07404462891152168,held_out
latitude_longitude,2007,2012.7962405007745,-0.12990271329871625,-0.18742758083379885,0.05752486753508269,held_out
latitude_longitude,2008,125.7997650312984,0.03211732059294587,-0.023988618192079217,0.05610593878502532,held_out
latitude_longitude,2008,251.5995300625968,0.01275453003395037,-0.040747175833149844,0.0535017058670994,held_out
latitude_longitude,2008,503.1990601251936,-0.01843600236920943,-0.07741956418191671,0.05898356181270772,held_out
latitude_longitude,2008,1006.3981202503873,-0.0632149565716328,-0.11498271709516605,0.05176776052353371,held_out
latitude_longitude,2008,2012.7962405007745,-0.08710642835472411,-0.1307852610107523,0.043678832656028045,held_out
latitude_longitude,2009,125.7997650312984,-0.08414173102131213,-0.03383632167083401,-0.050305409350478114,held_out
latitude_longitude,2009,251.5995300625968,-0.08653275327624399,-0.062065640732690906,-0.02446711254355327,held_out
latitude_longitude,2009,503.1990601251936,-0.10517391999956989,-0.11793785034808886,0.01276393034851916,held_out
latitude_longitude,2009,1006.3981202503873,-0.14453185828078485,-0.16636963076592662,0.021837772485141887,held_out
latitude_longitude,2009,2012.7962405007745,-0.16515886186819426,-0.18373692216268156,0.01857806029448722,held_out
latitude_longitude,2010,125.7997650312984,-0.008427480424166063,-0.04069489410534734,0.03226741368118088,held_out
latitude_longitude,2010,251.5995300625968,-0.01879529319471244,-0.06270610867825305,0.04391081548354044,held_out
latitude_longitude,2010,503.1990601251936,-0.041185836355734175,-0.09635787067804215,0.05517203432230741,held_out
latitude_longitude,2010,1006.3981202503873,-0.09754692522242525,-0.14132081648641803,0.043773891263992844,held_out
latitude_longitude,2010,2012.7962405007745,-0.13640810627072697,-0.17079782716535732,0.03438972089463038,held_out
latitude_longitude,2011,125.7997650312984,-0.015847881870322832,-0.03993756547696714,0.024089683606643885,held_out
latitude_longitude,2011,251.5995300625968,-0.026034848247796612,-0.0679349956236591,0.04190014737586397,held_out
latitude_longitude,2011,503.1990601251936,-0.04518523212370381,-0.11693193203145646,0.07174669990775304,held_out
latitude_longitude,2011,1006.3981202503873,-0.10901687980902446,-0.17168233499121333,0.0626654551821887,held_out
latitude_longitude,2011,2012.7962405007745,-0.14753527798602215,-0.19923334305825321,0.05169806507223099,held_out
latitude_longitude,2012,125.7997650312984,-0.1571974409109251,-0.05849581444714506,-0.09870162646378018,held_out
latitude_longitude,2012,251.5995300625968,-0.2205943323025441,-0.10619553140046112,-0.11439880090208214,held_out
latitude_longitude,2012,503.1990601251936,-0.3007200770347968,-0.19551263661108131,-0.10520744042371533,held_out
latitude_longitude,2012,1006.3981202503873,-0.3509542954207074,-0.27382333549238247,-0.0771309599283246,held_out
latitude_longitude,2012,2012.7962405007745,-0.3687728230252592,-0.30502385946818084,-0.06374896355707832,held_out
latitude_longitude,2013,125.7997650312984,0.008176083915524197,-0.018690379113528197,0.02686646302905243,held_out
latitude_longitude,2013,251.5995300625968,-0.01013264106710017,-0.03569332144672284,0.025560680379622697,held_out
latitude_longitude,2013,503.1990601251936,-0.03432284108807283,-0.07147194345983097,0.03714910237175843,held_out
latitude_longitude,2013,1006.3981202503873,-0.07822947752807426,-0.11258774563252165,0.034358268104447,held_out
latitude_longitude,2013,2012.7962405007745,-0.10311575953339981,-0.13215373091520774,0.02903797138180776,held_out
latitude_longitude,2014,125.7997650312984,-0.006289860254514747,-0.023566779929381765,0.017276919674866723,held_out
latitude_longitude,2014,251.5995300625968,-0.00015455880273333952,-0.03967592421947619,0.0395213654167423,held_out
latitude_longitude,2014,503.1990601251936,0.018301176210815357,-0.06146562157124278,0.07976679778205822,held_out
latitude_longitude,2014,1006.3981202503873,0.0017858475255833571,-0.07479533638305233,0.07658118390863546,held_out
latitude_longitude,2014,2012.7962405007745,-0.015194974417808019,-0.07973749550067621,0.06454252108286775,held_out
latitude_longitude,2015,125.7997650312984,-0.12307942713824677,-0.06024649667388223,-0.06283293046436364,development
latitude_longitude,2015,251.5995300625968,-0.1666166249964671,-0.10665824397972297,-0.059958381016743924,development
latitude_longitude,2015,503.1990601251936,-0.22276200196000348,-0.18221440503496789,-0.040547596925035796,development
latitude_longitude,2015,1006.3981202503873,-0.2709820091656706,-0.24844910873627998,-0.0225329004293906,development
latitude_longitude,2015,2012.7962405007745,-0.2946707833245899,-0.27766996106418174,-0.01700082226040847,development
latitude_longitude,2016,125.7997650312984,0.07912357863536047,0.005170350419355973,0.0739532282160033,held_out
latitude_longitude,2016,251.5995300625968,0.08252566992073156,-0.00465656958715317,0.08718223950788535,held_out
latitude_longitude,2016,503.1990601251936,0.07206136470475583,-0.03134607291457872,0.10340743761933435,held_out
latitude_longitude,2016,1006.3981202503873,0.03373301472123153,-0.06109048592459956,0.0948235006458313,held_out
latitude_longitude,2016,2012.7962405007745,0.009219372644961782,-0.07473414652157577,0.08395351916653744,held_out
latitude_longitude,2017,125.7997650312984,-0.031226640591187262,-0.026838930606936557,-0.004387709984251309,held_out
latitude_longitude,2017,251.5995300625968,-0.03188029811473266,-0.04914954406097391,0.017269245946241227,held_out
latitude_longitude,2017,503.1990601251936,-0.045966681386309945,-0.08616232391734184,0.04019564253103179,held_out
latitude_longitude,2017,1006.3981202503873,-0.09289706399131904,-0.1287265950859244,0.03582953109460566,held_out
latitude_longitude,2017,2012.7962405007745,-0.12391302359437383,-0.15295824406479344,0.029045220470420102,held_out
latitude_longitude,2018,125.7997650312984,-0.09383054468399976,-0.04059742604156308,-0.05323311864243718,held_out
latitude_longitude,2018,251.5995300625968,-0.11276327190829226,-0.06595295761289968,-0.046810314295392196,held_out
latitude_longitude,2018,503.1990601251936,-0.13352527857057042,-0.11314333536576338,-0.020381943204808056,held_out
latitude_longitude,2018,1006.3981202503873,-0.1944829893698605,-0.18116136436594799,-0.013321625003912228,held_out
latitude_longitude,2018,2012.7962405007745,-0.23857265438439854,-0.22391057311147824,-0.014662081272919998,held_out
latitude_longitude,2019,125.7997650312984,-0.06714857394952246,-0.02258664374332567,-0.04456193020619672,held_out
latitude_longitude,2019,251.5995300625968,-0.07598703188008145,-0.040686683914475406,-0.03530034796560603,held_out
latitude_longitude,2019,503.1990601251936,-0.08557682369172363,-0.071344273291827,-0.014232550399897431,held_out
latitude_longitude,2019,1006.3981202503873,-0.11283552199027624,-0.11239233978847334,-0.0004431822018028068,held_out
latitude_longitude,2019,2012.7962405007745,-0.13473272799303715,-0.1371136310082341,0.002380903015196466,held_out
latitude_longitude,2020,125.7997650312984,-0.021265519774995172,-0.02266661806455407,0.001401098289560276,held_out
latitude_longitude,2020,251.5995300625968,-0.02977817005329235,-0.04345757216020618,0.013679402106913605,held_out
latitude_longitude,2020,503.1990601251936,-0.058464573821708325,-0.08832150298839396,0.029856929166684306,held_out
latitude_longitude,2020,1006.3981202503873,-0.09540801503886664,-0.12608803885515577,0.030680023816288874,held_out
latitude_longitude,2020,2012.7962405007745,-0.11069292696552456,-0.13757379772326198,0.026880870757738238,held_out
latitude_longitude,2021,125.7997650312984,-0.07016701212050834,-0.02787644243096131,-0.042290569689547225,held_out
latitude_longitude,2021,251.5995300625968,-0.06809586653998997,-0.04686274465583983,-0.021233121884149258,held_out
latitude_longitude,2021,503.1990601251936,-0.0706766462904372,-0.08130085764436229,0.01062421135392462,held_out
latitude_longitude,2021,1006.3981202503873,-0.10265702028341671,-0.11841220765970296,0.015755187376285923,held_out
latitude_longitude,2021,2012.7962405007745,-0.12381785210625695,-0.13632868269125184,0.012510830584994984,held_out
latitude_longitude,2022,125.7997650312984,0.033520855672358026,-0.03470202954726977,0.06822288521962756,development
latitude_longitude,2022,251.5995300625968,-0.006512407228926824,-0.06977809429743669,0.0632656870685101,development
latitude_longitude,2022,503.1990601251936,-0.08609336956944919,-0.12635267110546516,0.040259301536016,development
latitude_longitude,2022,1006.3981202503873,-0.1673420555296294,-0.1932774164371597,0.025935360907530236,development
latitude_longitude,2022,2012.7962405007745,-0.2091480203186645,-0.23129467961134123,0.02214665929267698,development
latitude_longitude,2023,125.7997650312984,-0.13617324702248387,-0.037325562387082914,-0.09884768463540128,held_out
latitude_longitude,2023,251.5995300625968,-0.17455839585055502,-0.06865415934631583,-0.1059042365042397,held_out
latitude_longitude,2023,503.1990601251936,-0.21635927278475905,-0.12781508111494463,-0.08854419166981468,held_out
latitude_longitude,2023,1006.3981202503873,-0.24866197411339006,-0.19003485186167504,-0.05862712225171459,held_out
latitude_longitude,2023,2012.7962405007745,-0.26683170849534593,-0.21950273825148148,-0.04732897024386515,held_out
latitude_longitude,2024,125.7997650312984,0.040226922487642154,-0.010877684551687394,0.05110460703933092,held_out
latitude_longitude,2024,251.5995300625968,0.026664413704037392,-0.02408806636261952,0.05075248006665644,held_out
latitude_longitude,2024,503.1990601251936,0.000943782034089569,-0.05392742606072178,0.054871208094811295,held_out
latitude_longitude,2024,1006.3981202503873,-0.04673102314546673,-0.09280472605790095,0.04607370291243379,held_out
latitude_longitude,2024,2012.7962405007745,-0.07336237295476848,-0.11194011033240647,0.038577737377637776,held_out
latitude_longitude,2025,125.7997650312984,-0.11988279776377771,-0.04376100482024888,-0.07612179294352915,held_out
latitude_longitude,2025,251.5995300625968,-0.14827745530546402,-0.07402926937055913,-0.07424818593490533,held_out
latitude_longitude,2025,503.1990601251936,-0.1870915582163342,-0.12725219680804215,-0.05983936140829225,held_out
latitude_longitude,2025,1006.3981202503873,-0.22606001762323102,-0.18110939311295624,-0.044950624510274005,held_out
latitude_longitude,2025,2012.7962405007745,-0.24524372120591123,-0.20630383658151066,-0.038939884624401074,held_out
