sample_size,rho,innovation,effect,true_effect,simulations,bias,rmse,growing_lag,coverage_student,coverage_nw2,coverage_hac,rejection_student,rejection_nw2,rejection_hac,rejection_sign,rejection_three_025,z_mean,z_sd,z_q025,z_q975
20,0,gaussian,null,0,10000,0.000147775589650498,0.0265540248076486,2,0.954,0.9168,0.8993,0.0458,0.0709,0.0802,0.0206,0.0097,0.00550727106456042,0.989644234863914,-1.93814522382607,1.98437579905748
20,0,gaussian,moderate,-0.035,10000,-0.000152312409297741,0.0267968739136865,2,0.9477,0.9107,0.8924,0.3485,0.4073,0.4364,0.1576,0.121,-0.00567634835010866,0.998694331352498,-1.97935932575105,1.98038585729596
20,0,gaussian,application,-0.07,10000,-0.000150306957523107,0.0266475856795554,2,0.9514,0.9126,0.8942,0.8099,0.8427,0.8616,0.4953,0.464,-0.00560160957521411,0.993130743177732,-1.92485754999742,1.98889293542168
20,0,skewed,null,0,10000,-0.000458639031872856,0.0269050222881526,2,0.9125,0.8765,0.8588,0.118,0.1458,0.1561,0.1897,0.0631,-0.0170924675400399,1.00259541578991,-1.71163892147037,2.20599547154034
20,0,skewed,moderate,-0.035,10000,0.000216284304916631,0.026761530467544,2,0.9213,0.8872,0.8686,0.4541,0.4947,0.5163,0.5381,0.3123,0.00806044013766465,0.997360651990614,-1.71148589490791,2.18336317574251
20,0,skewed,application,-0.07,10000,-0.000241487249097542,0.0266162584604191,2,0.9178,0.8835,0.8646,0.7734,0.8026,0.8155,0.8286,0.6474,-0.00899969841135886,0.991938157594743,-1.68423365527299,2.14286945557643
20,0,t3,null,0,10000,-0.000275312270821848,0.026721087897337,2,0.953,0.9171,0.897,0.0523,0.0752,0.0843,0.0217,0.0092,-0.0102602825432914,0.995833084229412,-1.92173864566623,1.95122036220355
20,0,t3,moderate,-0.035,10000,0.0002829358445426,0.0259868150355671,2,0.9585,0.9205,0.9039,0.4387,0.4979,0.5233,0.327,0.2121,0.0105443963611428,0.968462436319071,-1.90381446010278,1.89974975532561
20,0,t3,application,-0.07,10000,0.000277783207849296,0.0269566705209108,2,0.9588,0.9205,0.9014,0.8571,0.8772,0.8884,0.8278,0.7098,0.0103523689293164,1.00461268643772,-1.88126040328548,1.91283603535209
20,0.3,gaussian,null,0,10000,0.000805012423470942,0.0358372669806337,2,0.8551,0.8683,0.8483,0.1049,0.0931,0.1036,0.0479,0.0312,0.0220147459652458,0.979846614462765,-1.90922286028872,1.93655312206416
20,0.3,gaussian,moderate,-0.035,10000,-0.000960893118560591,0.0359738239556293,2,0.8502,0.8657,0.8417,0.4101,0.3758,0.3991,0.2189,0.1795,-0.0262776291248477,0.983477509327038,-1.95608259237753,1.92834096684331
20,0.3,gaussian,application,-0.07,10000,0.000357119961701937,0.036199456457256,2,0.8502,0.8648,0.8403,0.7451,0.7048,0.726,0.5097,0.4689,0.00976619118757026,0.989951062571635,-1.92801602373215,1.92061676972485
20,0.3,skewed,null,0,10000,0.000527005677897581,0.0361150892275269,2,0.8273,0.8443,0.8231,0.174,0.1647,0.1756,0.203,0.1028,0.0144120708984017,0.987586761910655,-1.66345531774326,2.18183338014846
20,0.3,skewed,moderate,-0.035,10000,0.000187490067588464,0.0361508235247825,2,0.8257,0.8422,0.8219,0.4779,0.446,0.4633,0.5094,0.333,0.00512730746585278,0.988655907236545,-1.6834560941505,2.17101406322137
20,0.3,skewed,application,-0.07,10000,-0.000378256339917926,0.0354507678486631,2,0.8301,0.8458,0.8226,0.752,0.7266,0.7405,0.7716,0.6205,-0.0103442095926082,0.96946857193762,-1.68392536443522,2.12433005509484
20,0.3,t3,null,0,10000,0.00055866883032422,0.0348575618108049,2,0.8588,0.8753,0.8508,0.1126,0.0996,0.1101,0.0547,0.0315,0.0152779659290969,0.953178047522976,-1.84869220224205,1.91478270163218
20,0.3,t3,moderate,-0.035,10000,-0.00126448132975753,0.0353265663999024,2,0.8566,0.8733,0.8478,0.4884,0.4468,0.4687,0.3524,0.2585,-0.0345798827953281,0.965507937732374,-1.93611288132663,1.85128078849288
20,0.3,t3,application,-0.07,10000,-2.45455715825388e-05,0.0361982634782712,2,0.8575,0.8776,0.8527,0.8127,0.7799,0.7969,0.7542,0.6458,-0.000671249917649094,0.989966385825638,-1.91647828718384,1.9088998812822
20,0.6,gaussian,null,0,10000,-0.000420453294979929,0.0509580038768304,2,0.6653,0.7617,0.7343,0.2082,0.159,0.171,0.1185,0.0928,-0.00783468457449074,0.949561495698075,-1.88814533491955,1.83469852427838
20,0.6,gaussian,moderate,-0.035,10000,2.45045679795939e-05,0.0512831996267001,2,0.6704,0.763,0.7383,0.4435,0.3598,0.3767,0.2867,0.2419,0.000456615664680344,0.955653678694872,-1.88758428254612,1.85403648152311
20,0.6,gaussian,application,-0.07,10000,2.99006255656639e-06,0.0517546788759961,2,0.6657,0.759,0.7325,0.7021,0.6195,0.6377,0.5251,0.4791,5.5716526112111e-05,0.964439722585593,-1.90585157559964,1.87646166906364
20,0.6,skewed,null,0,10000,0.000382429717485216,0.0518707235162995,2,0.6444,0.7391,0.7121,0.2701,0.2209,0.2301,0.2415,0.1687,0.00712615704094162,0.966575925175845,-1.64420485955855,2.1020672667838
20,0.6,skewed,moderate,-0.035,10000,-0.000430237690721297,0.0513995284309091,2,0.6455,0.7434,0.7155,0.5166,0.4493,0.4646,0.4716,0.3646,-0.00801700602446119,0.957788000187125,-1.61685991382127,2.11244516751785
20,0.6,skewed,application,-0.07,10000,-0.000388181323560742,0.051145438848441,2,0.6508,0.746,0.7169,0.7183,0.6532,0.6671,0.6845,0.5713,-0.00723333189231381,0.953059187516987,-1.59870701387768,2.11348466196566
20,0.6,t3,null,0,10000,0.000467023786682753,0.0498705744016173,2,0.659,0.763,0.7348,0.2153,0.1595,0.1716,0.1255,0.0941,0.00870247445110003,0.929289003607237,-1.77385533821125,1.81489389139079
20,0.6,t3,moderate,-0.035,10000,0.0007493337056942,0.0510054567498386,2,0.6514,0.7575,0.7274,0.4923,0.4077,0.4243,0.369,0.2964,0.0139630091980338,0.950375518395639,-1.81260795414859,1.86789184229798
20,0.6,t3,application,-0.07,10000,-0.000256925345737027,0.0525412218701693,2,0.6549,0.7667,0.7369,0.7624,0.6876,0.7041,0.6694,0.5858,-0.00478752115175519,0.97908511433142,-1.84086596698015,1.79049163344901
33,0,gaussian,null,0,10000,0.000569156262549434,0.0206543794286127,3,0.9519,0.9333,0.9122,0.0475,0.0601,0.0706,0.0361,0.008,0.0272462817157056,0.988427087211477,-1.92435357991713,1.97098518433238
33,0,gaussian,moderate,-0.035,10000,-4.40104300626689e-05,0.0207848290020908,3,0.9516,0.9311,0.9121,0.4962,0.5317,0.5631,0.338,0.1813,-0.00210683893830066,0.99504545880593,-1.95415463742847,1.92274166791586
33,0,gaussian,application,-0.07,10000,-0.00021255205475432,0.0206200848266231,3,0.9518,0.9348,0.9144,0.9502,0.956,0.9614,0.8143,0.6848,-0.0101751549515549,0.987108321316074,-1.93246250126393,1.93146932186713
33,0,skewed,null,0,10000,-0.000293229224902421,0.0207115551652038,3,0.9241,0.9057,0.8851,0.1035,0.1199,0.1329,0.3927,0.0586,-0.0140372804353979,0.991440418005282,-1.75146826749032,2.12086238238716
33,0,skewed,moderate,-0.035,10000,-1.60669721136815e-05,0.0206095457438826,3,0.9294,0.9101,0.8904,0.5554,0.5812,0.6063,0.8469,0.4271,-0.000769147732060187,0.986655922906855,-1.72221065285192,2.10992705981575
33,0,skewed,application,-0.07,10000,4.63215229938426e-05,0.0207989975450559,3,0.9261,0.9068,0.8879,0.8905,0.8982,0.9083,0.9842,0.8183,0.00221747408934311,0.995723521335123,-1.73164782712039,2.12774545401001
33,0,t3,null,0,10000,-0.000189919617735375,0.0208919967635336,3,0.9579,0.9366,0.9145,0.0497,0.065,0.0776,0.0401,0.0066,-0.00909170951572846,1.00013688477583,-1.93061842884853,1.91921762289883
33,0,t3,moderate,-0.035,10000,6.53199161392485e-05,0.0206237853470956,3,0.9558,0.9322,0.9105,0.5821,0.6095,0.6358,0.6204,0.332,0.00312695291940437,0.98733297380077,-1.93129220333719,1.9299627851328
33,0,t3,application,-0.07,10000,-3.62611215797006e-05,0.021270637575646,3,0.9566,0.9362,0.9147,0.9443,0.9494,0.9556,0.983,0.8793,-0.00173586903790271,1.01830368755399,-1.94369094670046,1.90825892662632
33,0.3,gaussian,null,0,10000,-0.000460581626749765,0.0283654251563719,3,0.8536,0.8897,0.8734,0.1183,0.0914,0.0988,0.0823,0.0298,-0.0161792981088738,0.99633829168564,-1.98674198434186,1.94709978869123
33,0.3,gaussian,moderate,-0.035,10000,-2.09046952229514e-05,0.0281882311961398,3,0.8541,0.8862,0.8722,0.5046,0.4414,0.4532,0.3703,0.23,-0.000734339531244579,0.990244614144942,-1.93124726994002,1.94314930606987
33,0.3,gaussian,application,-0.07,10000,0.00018318396061402,0.0280822734337351,3,0.8565,0.8883,0.8729,0.8922,0.8509,0.8554,0.7749,0.6376,0.00643488088843946,0.986501630100131,-1.9220861331196,1.92194525505804
33,0.3,skewed,null,0,10000,3.47397740649447e-07,0.0279474674158732,3,0.8333,0.8718,0.8586,0.1712,0.144,0.1495,0.3652,0.0939,1.22033778203749e-05,0.981786920337378,-1.72360388726639,2.11189696998118
33,0.3,skewed,moderate,-0.035,10000,-4.2527031381801e-05,0.0283350177908547,3,0.8291,0.8643,0.851,0.5574,0.5071,0.5156,0.7675,0.4067,-0.00149388833260042,0.995400338440073,-1.712755231119,2.12875235151665
33,0.3,skewed,application,-0.07,10000,-8.35708884959772e-05,0.027923028199516,3,0.8336,0.8682,0.8544,0.8515,0.8185,0.8226,0.9516,0.7469,-0.00293567576227796,0.98092398407271,-1.73031896302433,2.08758273225993
33,0.3,t3,null,0,10000,-0.000111486641088881,0.0277282906857861,3,0.8497,0.8922,0.875,0.1174,0.093,0.1,0.0914,0.0329,-0.0039162995147308,0.974079428042489,-1.93490726992178,1.8949343372319
33,0.3,t3,moderate,-0.035,10000,0.000123672641487423,0.028042976333155,3,0.8547,0.8944,0.8823,0.5782,0.512,0.5216,0.5748,0.3372,0.00434436898548712,0.985132542570342,-1.91970557750753,1.93789704022884
33,0.3,t3,application,-0.07,10000,0.000332169702191173,0.0276039162541684,3,0.8537,0.8915,0.8779,0.907,0.879,0.8822,0.9434,0.7955,0.0116684477242655,0.969647849891776,-1.94434084406651,1.91045427575254
33,0.6,gaussian,null,0,10000,3.85293004538201e-05,0.0411177096871863,3,0.6607,0.7873,0.7895,0.2125,0.1439,0.1412,0.1588,0.0847,0.000922224917434388,0.984229027180924,-1.92449137305482,1.92078768317722
33,0.6,gaussian,moderate,-0.035,10000,0.000313647723841846,0.0405902630390153,3,0.6684,0.7911,0.7922,0.508,0.4017,0.3939,0.411,0.2775,0.00750737082730644,0.971575027793309,-1.88644770194428,1.86838504236069
33,0.6,gaussian,application,-0.07,10000,0.000268264104142114,0.0404855949264205,3,0.6731,0.7949,0.796,0.8072,0.7238,0.7138,0.7151,0.5917,0.00642108313359078,0.969077332681452,-1.90407071201585,1.87769185016234
33,0.6,skewed,null,0,10000,0.000199905838698625,0.0409026485814581,3,0.6491,0.7757,0.7789,0.2607,0.1998,0.1954,0.3428,0.1487,0.00478488172422072,0.979069875208639,-1.70498060500175,2.12253171242272
33,0.6,skewed,moderate,-0.035,10000,0.000429036892355131,0.0405276828916021,3,0.6564,0.7784,0.7801,0.5555,0.4672,0.4593,0.6516,0.3902,0.0102692887742085,0.970051700929961,-1.67693967865224,2.09620040458164
33,0.6,skewed,application,-0.07,10000,0.000372781962850031,0.0407037615678902,3,0.6503,0.7774,0.7771,0.7947,0.7205,0.7118,0.8556,0.6508,0.0089227889128809,0.974279972874093,-1.68319090664889,2.091208994715
33,0.6,t3,null,0,10000,-0.000135689630544589,0.0399419410341613,3,0.6653,0.798,0.8009,0.2165,0.1445,0.1411,0.1647,0.0806,-0.00324782326312075,0.956079715521212,-1.86566405116724,1.83265877409886
33,0.6,t3,moderate,-0.035,10000,-0.000542117993069366,0.040038337391133,3,0.6601,0.7992,0.8028,0.5689,0.4668,0.4577,0.5261,0.3477,-0.0129759615541768,0.958304804523401,-1.89433213978824,1.82340814158632
33,0.6,t3,application,-0.07,10000,5.5664367591711e-05,0.0415772269702728,3,0.6539,0.7958,0.7975,0.8483,0.7764,0.7682,0.8457,0.6837,0.00133236436171042,0.99522797491223,-1.95681038549501,1.88196123848165
60,0,gaussian,null,0,10000,2.27380215118587e-05,0.015542306481982,3,0.951,0.9404,0.9286,0.0502,0.0576,0.0651,0.0488,0.0077,0.00146773297735226,1.00330066209712,-1.92509680215366,1.95130096149515
60,0,gaussian,moderate,-0.035,10000,-0.00017871395308429,0.0156224004904544,3,0.948,0.9358,0.9237,0.7184,0.7357,0.7473,0.5436,0.3171,-0.0115359360671725,1.00840605163438,-2.0072668502284,1.94315024304137
60,0,gaussian,application,-0.07,10000,-2.87334584274448e-05,0.0155094896117424,3,0.9501,0.9379,0.928,0.9971,0.9967,0.9969,0.9681,0.907,-0.00185473676614064,1.00118159182668,-1.94139031398894,1.97835995842049
60,0,skewed,null,0,10000,-1.67375183064801e-05,0.0155343520787988,3,0.9337,0.9221,0.9107,0.0917,0.1002,0.1063,0.6259,0.0518,-0.00108040216096396,1.00278767351818,-1.79098847612075,2.10109957762268
60,0,skewed,moderate,-0.035,10000,0.000201335688388594,0.015414965164543,3,0.9349,0.9255,0.9143,0.7057,0.7167,0.7267,0.983,0.5945,0.0129961628021039,0.994996598407492,-1.79307954828881,2.08914398378751
60,0,skewed,application,-0.07,10000,0.000394239958540552,0.0154514327565149,3,0.9411,0.9316,0.9199,0.9763,0.9772,0.9785,0.9995,0.9549,0.0254480798972843,0.997110848496071,-1.7844220784137,2.14981888113399
60,0,t3,null,0,10000,0.000194719060991048,0.0158337947994446,3,0.9544,0.943,0.9324,0.0467,0.0551,0.0615,0.0472,0.0048,0.0125690613401246,1.02204087462984,-1.96334007548704,2.00735216157724
60,0,t3,moderate,-0.035,10000,8.02288889796348e-05,0.0152267054940879,3,0.9545,0.9434,0.9334,0.7746,0.7825,0.7915,0.8695,0.5701,0.00517875251504749,0.982915116842298,-1.92447873863983,1.96092872342017
60,0,t3,application,-0.07,10000,-8.40930019479727e-05,0.0153553042729269,3,0.9566,0.9476,0.9359,0.9875,0.9872,0.9881,1,0.9758,-0.00542817993461804,0.991215326987065,-1.8905209925504,1.92156643244181
60,0.3,gaussian,null,0,10000,0.000160812782769039,0.0209653627067552,3,0.8495,0.8999,0.8971,0.1125,0.0825,0.0831,0.0886,0.0277,0.00761714618041435,0.993077272520406,-1.98750302240159,1.92150130742134
60,0.3,gaussian,moderate,-0.035,10000,-0.000157804000110337,0.020675257305286,3,0.8592,0.9087,0.9043,0.6753,0.595,0.5936,0.5421,0.3371,-0.00747463053618626,0.979335982628779,-1.91666826508016,1.90152055343374
60,0.3,gaussian,application,-0.07,10000,0.000326798505167827,0.0208263083739282,3,0.8557,0.9058,0.9028,0.9838,0.97,0.9688,0.9392,0.8596,0.0154793166472304,0.986398173482059,-1.91385151430124,1.91040056176779
60,0.3,skewed,null,0,10000,-0.000192001206622427,0.0208498926642746,3,0.8425,0.8904,0.8885,0.1522,0.1187,0.1207,0.5254,0.0832,-0.00909443411447836,0.987594919940102,-1.8129025207973,2.07246100470477
60,0.3,skewed,moderate,-0.035,10000,0.000175193708843521,0.0209587223510407,3,0.8412,0.8912,0.8881,0.6745,0.6125,0.6106,0.9373,0.5223,0.00829832098650156,0.992757256132121,-1.78158934759723,2.1311778786989
60,0.3,skewed,application,-0.07,10000,-1.09743398099393e-05,0.0209660216469962,3,0.8374,0.8857,0.8837,0.9552,0.9323,0.9309,0.9967,0.8957,-0.000519816578797027,0.99313756493428,-1.83326572574616,2.08453497509552
60,0.3,t3,null,0,10000,-0.000142025791761941,0.0208233707020576,3,0.8521,0.9047,0.9005,0.1185,0.0811,0.0809,0.1001,0.0237,-0.00672727129405819,0.9863575373858,-1.91685726447772,1.97559595210428
60,0.3,t3,moderate,-0.035,10000,0.000351429691068397,0.0208752515383899,3,0.847,0.9067,0.9035,0.7185,0.6466,0.6448,0.7748,0.4789,0.0166460108637656,0.98869788673948,-1.91264357206542,1.9640759294851
60,0.3,t3,application,-0.07,10000,-0.000104546461689075,0.0208667359679528,3,0.8514,0.9049,0.9008,0.9742,0.9647,0.9631,0.9957,0.9388,-0.00495200485694271,0.988422240118671,-1.95906823308024,1.95012976084585
60,0.6,gaussian,null,0,10000,-0.000107967987909555,0.030563016853067,3,0.6695,0.81,0.8247,0.2116,0.131,0.1231,0.1681,0.0729,-0.00348465182581028,0.986460296575194,-1.91734142292584,1.93535801735269
60,0.6,gaussian,moderate,-0.035,10000,-0.000288701762683971,0.0306580312038646,3,0.6688,0.8148,0.8305,0.633,0.5088,0.4875,0.5333,0.3573,-0.00931780932413123,0.9894893049055,-1.95870839963878,1.89730001097035
60,0.6,gaussian,application,-0.07,10000,0.000300916406748951,0.0303603755482122,3,0.6726,0.8133,0.8282,0.9274,0.8698,0.8566,0.8717,0.7594,0.00971203526616051,0.979877770942334,-1.88932704844095,1.92006714742136
60,0.6,skewed,null,0,10000,9.00946676144935e-05,0.0302563868575458,3,0.659,0.8007,0.815,0.2445,0.1795,0.1693,0.4251,0.1344,0.00290779289377524,0.976565186989651,-1.78427929735045,2.05763724687576
60,0.6,skewed,moderate,-0.035,10000,-0.000160185806630276,0.0306200018548426,3,0.6539,0.7989,0.8147,0.6441,0.5422,0.5234,0.8074,0.4666,-0.00516997467814874,0.988292202994566,-1.76703787513173,2.09512479501833
60,0.6,skewed,application,-0.07,10000,-0.000184433309355185,0.0303779634705401,3,0.6651,0.8017,0.8158,0.9014,0.8426,0.8316,0.9651,0.7912,-0.00595255946348791,0.980475510097834,-1.76125217825553,2.04924522410178
60,0.6,t3,null,0,10000,-3.28337272103886e-05,0.0298779699644995,3,0.6609,0.8102,0.8263,0.2164,0.1358,0.1248,0.1768,0.0742,-0.00105970398899785,0.964354970776462,-1.89753247902939,1.86761343692041
60,0.6,t3,moderate,-0.035,10000,4.80561349051507e-05,0.0306286850367238,3,0.6662,0.8129,0.8287,0.6692,0.5648,0.542,0.666,0.4329,0.00155100508475622,0.988584772579266,-1.88903406174772,1.92087851280672
60,0.6,t3,application,-0.07,10000,0.000258544671549915,0.0304559488953678,3,0.6596,0.8148,0.8302,0.9292,0.884,0.8752,0.9551,0.8306,0.00834449339302895,0.982975254459087,-1.9392862333217,1.91888062793015
120,0,gaussian,null,0,10000,0.000134971667318034,0.0109849512914415,4,0.9485,0.9435,0.9372,0.0513,0.0548,0.0591,0.0399,0.0072,0.012321171135695,1.00275871069409,-1.97698497449498,1.96554625375639
120,0,gaussian,moderate,-0.035,10000,2.58341286113322e-05,0.0110031800963959,4,0.949,0.9441,0.9371,0.9333,0.9359,0.9378,0.7879,0.657,0.00235832249898598,1.00449578136172,-1.93455990234984,1.98501173354434
120,0,gaussian,application,-0.07,10000,0.000226248728576658,0.0110111414376625,4,0.9465,0.9421,0.9325,1,1,1,0.9996,0.9981,0.0206535887080501,1.00501313378572,-1.94302546352898,2.01655767229706
120,0,skewed,null,0,10000,0.000110082833936912,0.0109093519209648,4,0.9442,0.9369,0.93,0.0785,0.0799,0.0836,0.8626,0.0417,0.0100491418902236,0.995882115176369,-1.81789370501231,2.07105374894946
120,0,skewed,moderate,-0.035,10000,2.94787333965054e-05,0.0108354413779334,4,0.9424,0.9349,0.9306,0.9026,0.9045,0.9075,0.9996,0.8384,0.00269102787465784,0.989181743602474,-1.85919126228968,2.04970581578094
120,0,skewed,application,-0.07,10000,-3.80250498848734e-05,0.0110104246511371,4,0.9366,0.9333,0.9252,0.9995,0.9994,0.9994,1,0.9985,-0.00347119626203376,1.00515392314999,-1.87511419348917,2.06893951315335
120,0,t3,null,0,10000,7.58161975922396e-05,0.0111489884997707,4,0.9516,0.945,0.9391,0.049,0.0525,0.0562,0.0423,0.0057,0.00692104027425646,1.01778610692897,-1.9464612262583,2.01494833874293
120,0,t3,moderate,-0.035,10000,-6.84099030394767e-05,0.0109876854964956,4,0.9522,0.9444,0.9375,0.9353,0.9363,0.9393,0.9878,0.8709,-0.00624494117524382,1.00306458049692,-1.96062346761559,1.95579503879122
120,0,t3,application,-0.07,10000,3.87435384915198e-05,0.0110000006633809,4,0.9546,0.9477,0.9399,0.9974,0.9976,0.9976,1,0.9963,0.0035367849982297,1.00420206546485,-1.92052296838494,2.02119737966796
120,0.3,gaussian,null,0,10000,0.000125477745250769,0.0149295962185224,4,0.8482,0.9083,0.9149,0.1101,0.0792,0.0743,0.0792,0.0294,0.00840530402874976,1.00009477744994,-1.97639751392398,1.94981428550562
120,0.3,gaussian,moderate,-0.035,10000,1.40198382720311e-05,0.0147148243185596,4,0.8562,0.9124,0.9179,0.8724,0.8168,0.8024,0.7444,0.6045,0.000939138672557545,0.985742135642526,-1.91947503314903,1.93706187403665
120,0.3,gaussian,application,-0.07,10000,1.73782945609943e-05,0.0148900343875849,4,0.8476,0.9091,0.9146,1,0.9996,0.9995,0.9964,0.9922,0.00116410961158409,0.997479184573405,-1.94008072953466,1.95138939185555
120,0.3,skewed,null,0,10000,-3.82932445519483e-05,0.0150198996535661,4,0.8356,0.8963,0.9017,0.148,0.1103,0.1043,0.7186,0.0743,-0.00256512708339741,1.0061762371598,-1.85736711034485,2.10455495745883
120,0.3,skewed,moderate,-0.035,10000,-0.000139110912262903,0.0148533142463381,4,0.8474,0.9024,0.9074,0.8458,0.7916,0.7789,0.9966,0.7157,-0.00931854098071051,0.994976350169957,-1.87433297112027,2.0624225385655
120,0.3,skewed,application,-0.07,10000,0.000253902092369179,0.0149139528954525,4,0.842,0.8997,0.9041,0.9963,0.9925,0.9915,1,0.9859,0.017007990346285,0.998937365372098,-1.82139336390863,2.05673652993102
120,0.3,t3,null,0,10000,-9.34795154945344e-05,0.0149501831646389,4,0.8471,0.9114,0.9171,0.1197,0.0786,0.0736,0.088,0.0232,-0.00626185740444653,1.00148963817121,-1.93508218209221,1.92993573465364
120,0.3,t3,moderate,-0.035,10000,-0.000275521195471965,0.0147497832564404,4,0.8461,0.9121,0.9168,0.8877,0.8447,0.8344,0.9418,0.7547,-0.0184561765090552,0.987912072621477,-1.95289828300541,1.93593310521406
120,0.3,t3,application,-0.07,10000,-1.60691960310314e-05,0.0148837400994666,4,0.8448,0.9071,0.9144,0.9965,0.9944,0.9939,1,0.991,-0.00107641779718381,0.997057629959074,-1.98374140358725,1.93831127046357
120,0.6,gaussian,null,0,10000,-0.0001782946787824,0.0216363193017159,4,0.6794,0.828,0.8645,0.2037,0.1248,0.1022,0.1587,0.0717,-0.00813800145435487,0.987574193908115,-1.97153554528162,1.94593676079314
120,0.6,gaussian,moderate,-0.035,10000,-9.88352437239576e-05,0.0217102766473967,4,0.6784,0.8273,0.8662,0.7892,0.6749,0.6279,0.688,0.5394,-0.00451119103867773,0.990973302122297,-1.96604948908907,1.9417545616638
120,0.6,gaussian,application,-0.07,10000,0.000229771312416355,0.0216853029361886,4,0.6686,0.8235,0.8646,0.9924,0.9815,0.9722,0.9765,0.95,0.010487577573167,0.989788059423985,-1.92136224560501,1.92627389459481
120,0.6,skewed,null,0,10000,-0.000117722293829718,0.0216206089093888,4,0.6722,0.8184,0.8561,0.2341,0.1587,0.1336,0.538,0.1186,-0.00537326298764901,0.986875983677173,-1.8281333413831,2.08746652732277
120,0.6,skewed,moderate,-0.035,10000,-0.000203236628906627,0.0218117702555222,4,0.6572,0.8133,0.856,0.7748,0.6791,0.6321,0.9435,0.5996,-0.00927644051362219,0.995573110189558,-1.84787324217511,2.05692400240365
120,0.6,skewed,application,-0.07,10000,0.00014175995658037,0.0218019252197615,4,0.6648,0.8163,0.8553,0.9786,0.9557,0.9428,0.9986,0.9318,0.00647042716416848,0.995145909047423,-1.82268121825952,2.08117235898327
120,0.6,t3,null,0,10000,-0.000129035401185532,0.0218370954490915,4,0.6659,0.8251,0.8638,0.2189,0.1348,0.1088,0.1734,0.0723,-0.00588963332883703,0.996754918572876,-1.87383464433855,1.9132937421507
120,0.6,t3,moderate,-0.035,10000,-0.000534364808910825,0.0214622528282198,4,0.6646,0.8255,0.8657,0.8102,0.7168,0.6728,0.8332,0.6212,-0.0243903049814497,0.97935862259481,-1.97094620196718,1.8988462537621
120,0.6,t3,application,-0.07,10000,0.000151179039619379,0.0218000875994929,4,0.6566,0.8224,0.8627,0.9866,0.9737,0.9665,0.9975,0.9596,0.00690034751845845,0.995059138833646,-1.95242331509472,1.92769549186811
