window_days,record_id,year,month,analysis_role,bandwidth_km,matched_effect,high_days_total,high_days_matched,high_day_coverage,mean_eligible_middle_days,record_has_no_match
3,199106,1991,6,held_out,125.799765031298,0.09694698206955006,8,8,1.0,2.625,False
3,199106,1991,6,held_out,251.599530062597,0.12791319144138263,8,8,1.0,2.625,False
3,199106,1991,6,held_out,503.199060125194,0.1202306910077407,8,8,1.0,2.625,False
3,199106,1991,6,held_out,1006.39812025039,0.06330659896466313,8,8,1.0,2.625,False
3,199106,1991,6,held_out,2012.79624050077,0.03788919219044101,8,8,1.0,2.625,False
3,199107,1991,7,held_out,125.799765031298,0.03228089000501143,8,8,1.0,2.75,False
3,199107,1991,7,held_out,251.599530062597,-0.06246251481569684,8,8,1.0,2.75,False
3,199107,1991,7,held_out,503.199060125194,-0.13934112227372036,8,8,1.0,2.75,False
3,199107,1991,7,held_out,1006.39812025039,-0.19418180950616737,8,8,1.0,2.75,False
3,199107,1991,7,held_out,2012.79624050077,-0.21337117621999416,8,8,1.0,2.75,False
3,199108,1991,8,held_out,125.799765031298,0.12160354840118051,8,8,1.0,3.375,False
3,199108,1991,8,held_out,251.599530062597,0.1581185894070298,8,8,1.0,3.375,False
3,199108,1991,8,held_out,503.199060125194,0.2099573726096171,8,8,1.0,3.375,False
3,199108,1991,8,held_out,1006.39812025039,0.19738047667945433,8,8,1.0,3.375,False
3,199108,1991,8,held_out,2012.79624050077,0.1667608735640439,8,8,1.0,3.375,False
3,199206,1992,6,held_out,125.799765031298,0.06722027527835304,8,8,1.0,2.375,False
3,199206,1992,6,held_out,251.599530062597,0.051371489330712644,8,8,1.0,2.375,False
3,199206,1992,6,held_out,503.199060125194,0.05304534071438681,8,8,1.0,2.375,False
3,199206,1992,6,held_out,1006.39812025039,0.06904882808829298,8,8,1.0,2.375,False
3,199206,1992,6,held_out,2012.79624050077,0.0681620112753064,8,8,1.0,2.375,False
3,199207,1992,7,held_out,125.799765031298,-0.1289096019901637,8,8,1.0,2.625,False
3,199207,1992,7,held_out,251.599530062597,-0.19753222286634353,8,8,1.0,2.625,False
3,199207,1992,7,held_out,503.199060125194,-0.2423512377082216,8,8,1.0,2.625,False
3,199207,1992,7,held_out,1006.39812025039,-0.25438300420411686,8,8,1.0,2.625,False
3,199207,1992,7,held_out,2012.79624050077,-0.259623894890339,8,8,1.0,2.625,False
3,199208,1992,8,held_out,125.799765031298,0.03647030659590237,8,6,0.75,3.0,False
3,199208,1992,8,held_out,251.599530062597,0.08793142705375005,8,6,0.75,3.0,False
3,199208,1992,8,held_out,503.199060125194,0.11673032479870893,8,6,0.75,3.0,False
3,199208,1992,8,held_out,1006.39812025039,0.028899693026234536,8,6,0.75,3.0,False
3,199208,1992,8,held_out,2012.79624050077,-0.027783605510382725,8,6,0.75,3.0,False
3,199306,1993,6,held_out,125.799765031298,-0.08428610239189709,8,8,1.0,3.75,False
3,199306,1993,6,held_out,251.599530062597,-0.08313355896279485,8,8,1.0,3.75,False
3,199306,1993,6,held_out,503.199060125194,-0.058169442945025504,8,8,1.0,3.75,False
3,199306,1993,6,held_out,1006.39812025039,-0.05893719028412722,8,8,1.0,3.75,False
3,199306,1993,6,held_out,2012.79624050077,-0.07719399850629918,8,8,1.0,3.75,False
3,199307,1993,7,held_out,125.799765031298,0.02676152929570126,8,8,1.0,3.0,False
3,199307,1993,7,held_out,251.599530062597,0.02432904479284581,8,8,1.0,3.0,False
3,199307,1993,7,held_out,503.199060125194,-0.011072180533498968,8,8,1.0,3.0,False
3,199307,1993,7,held_out,1006.39812025039,-0.05597479742764927,8,8,1.0,3.0,False
3,199307,1993,7,held_out,2012.79624050077,-0.07655756697723638,8,8,1.0,3.0,False
3,199308,1993,8,held_out,125.799765031298,-0.016399661905246776,8,4,0.5,2.0,False
3,199308,1993,8,held_out,251.599530062597,-0.02369753767679386,8,4,0.5,2.0,False
3,199308,1993,8,held_out,503.199060125194,-0.005952854155327425,8,4,0.5,2.0,False
3,199308,1993,8,held_out,1006.39812025039,0.02040302341902192,8,4,0.5,2.0,False
3,199308,1993,8,held_out,2012.79624050077,0.024748010116243918,8,4,0.5,2.0,False
3,199406,1994,6,held_out,125.799765031298,-0.015884640033195285,8,6,0.75,2.0,False
3,199406,1994,6,held_out,251.599530062597,0.020909728498355595,8,6,0.75,2.0,False
3,199406,1994,6,held_out,503.199060125194,0.08215377106006529,8,6,0.75,2.0,False
3,199406,1994,6,held_out,1006.39812025039,0.06783796922133933,8,6,0.75,2.0,False
3,199406,1994,6,held_out,2012.79624050077,0.0522301807446112,8,6,0.75,2.0,False
3,199407,1994,7,held_out,125.799765031298,-0.03549496813126548,8,7,0.875,2.0,False
3,199407,1994,7,held_out,251.599530062597,-0.08064001290910297,8,7,0.875,2.0,False
3,199407,1994,7,held_out,503.199060125194,-0.14247589376372036,8,7,0.875,2.0,False
3,199407,1994,7,held_out,1006.39812025039,-0.1978584796573152,8,7,0.875,2.0,False
3,199407,1994,7,held_out,2012.79624050077,-0.22061526055336023,8,7,0.875,2.0,False
3,199408,1994,8,held_out,125.799765031298,-0.050067716370776026,8,6,0.75,2.8333333333333335,False
3,199408,1994,8,held_out,251.599530062597,-0.09760617765157148,8,6,0.75,2.8333333333333335,False
3,199408,1994,8,held_out,503.199060125194,-0.1762325347983523,8,6,0.75,2.8333333333333335,False
3,199408,1994,8,held_out,1006.39812025039,-0.24201850858556248,8,6,0.75,2.8333333333333335,False
3,199408,1994,8,held_out,2012.79624050077,-0.2682277266273355,8,6,0.75,2.8333333333333335,False
3,199506,1995,6,held_out,125.799765031298,0.030946215471170657,8,8,1.0,2.25,False
3,199506,1995,6,held_out,251.599530062597,0.012028843772196235,8,8,1.0,2.25,False
3,199506,1995,6,held_out,503.199060125194,-0.02076563584474228,8,8,1.0,2.25,False
3,199506,1995,6,held_out,1006.39812025039,-0.025015313750538323,8,8,1.0,2.25,False
3,199506,1995,6,held_out,2012.79624050077,-0.01582752079912103,8,8,1.0,2.25,False
3,199507,1995,7,held_out,125.799765031298,-0.00865226664309468,8,8,1.0,3.375,False
3,199507,1995,7,held_out,251.599530062597,-0.03484040188826881,8,8,1.0,3.375,False
3,199507,1995,7,held_out,503.199060125194,-0.0714563047275863,8,8,1.0,3.375,False
3,199507,1995,7,held_out,1006.39812025039,-0.10645737764953428,8,8,1.0,3.375,False
3,199507,1995,7,held_out,2012.79624050077,-0.11912212658348798,8,8,1.0,3.375,False
3,199508,1995,8,held_out,125.799765031298,-0.08594284236901109,8,8,1.0,2.625,False
3,199508,1995,8,held_out,251.599530062597,-0.12089408794650913,8,8,1.0,2.625,False
3,199508,1995,8,held_out,503.199060125194,-0.17511150313380883,8,8,1.0,2.625,False
3,199508,1995,8,held_out,1006.39812025039,-0.20177943980704022,8,8,1.0,2.625,False
3,199508,1995,8,held_out,2012.79624050077,-0.20630009079082387,8,8,1.0,2.625,False
3,199606,1996,6,held_out,125.799765031298,-0.11784652418761771,8,8,1.0,2.5,False
3,199606,1996,6,held_out,251.599530062597,-0.12116058285879128,8,8,1.0,2.5,False
3,199606,1996,6,held_out,503.199060125194,-0.10585487589351006,8,8,1.0,2.5,False
3,199606,1996,6,held_out,1006.39812025039,-0.10727101171542533,8,8,1.0,2.5,False
3,199606,1996,6,held_out,2012.79624050077,-0.11553611812881939,8,8,1.0,2.5,False
3,199607,1996,7,held_out,125.799765031298,-0.15703471996799098,8,7,0.875,1.4285714285714286,False
3,199607,1996,7,held_out,251.599530062597,-0.1809479727586331,8,7,0.875,1.4285714285714286,False
3,199607,1996,7,held_out,503.199060125194,-0.19290163920835604,8,7,0.875,1.4285714285714286,False
3,199607,1996,7,held_out,1006.39812025039,-0.20149959483843785,8,7,0.875,1.4285714285714286,False
3,199607,1996,7,held_out,2012.79624050077,-0.2129330183115529,8,7,0.875,1.4285714285714286,False
3,199608,1996,8,held_out,125.799765031298,-0.13050779079349906,8,7,0.875,2.5714285714285716,False
3,199608,1996,8,held_out,251.599530062597,-0.13423566946478435,8,7,0.875,2.5714285714285716,False
3,199608,1996,8,held_out,503.199060125194,-0.15103107556007173,8,7,0.875,2.5714285714285716,False
3,199608,1996,8,held_out,1006.39812025039,-0.21964463230744288,8,7,0.875,2.5714285714285716,False
3,199608,1996,8,held_out,2012.79624050077,-0.2578769632535362,8,7,0.875,2.5714285714285716,False
3,199706,1997,6,held_out,125.799765031298,-0.08108011985714694,8,4,0.5,2.5,False
3,199706,1997,6,held_out,251.599530062597,-0.10797934568162856,8,4,0.5,2.5,False
3,199706,1997,6,held_out,503.199060125194,-0.12447494089162561,8,4,0.5,2.5,False
3,199706,1997,6,held_out,1006.39812025039,-0.10381284333714086,8,4,0.5,2.5,False
3,199706,1997,6,held_out,2012.79624050077,-0.08206729369590393,8,4,0.5,2.5,False
3,199707,1997,7,held_out,125.799765031298,0.005548717916834607,8,6,0.75,3.0,False
3,199707,1997,7,held_out,251.599530062597,0.017729821095233116,8,6,0.75,3.0,False
3,199707,1997,7,held_out,503.199060125194,0.027150212496944177,8,6,0.75,3.0,False
3,199707,1997,7,held_out,1006.39812025039,0.028383573024999848,8,6,0.75,3.0,False
3,199707,1997,7,held_out,2012.79624050077,0.023733020522619924,8,6,0.75,3.0,False
3,199708,1997,8,held_out,125.799765031298,-0.13504517407636907,8,8,1.0,2.0,False
3,199708,1997,8,held_out,251.599530062597,-0.1665991164163344,8,8,1.0,2.0,False
3,199708,1997,8,held_out,503.199060125194,-0.22861372780393735,8,8,1.0,2.0,False
3,199708,1997,8,held_out,1006.39812025039,-0.27906762447663364,8,8,1.0,2.0,False
3,199708,1997,8,held_out,2012.79624050077,-0.29545904683827084,8,8,1.0,2.0,False
3,199806,1998,6,held_out,125.799765031298,-0.04054163670552532,8,6,0.75,3.6666666666666665,False
3,199806,1998,6,held_out,251.599530062597,-0.02809756559234901,8,6,0.75,3.6666666666666665,False
3,199806,1998,6,held_out,503.199060125194,-0.023642466127107853,8,6,0.75,3.6666666666666665,False
3,199806,1998,6,held_out,1006.39812025039,-0.052131001068139504,8,6,0.75,3.6666666666666665,False
3,199806,1998,6,held_out,2012.79624050077,-0.07475234830170119,8,6,0.75,3.6666666666666665,False
3,199807,1998,7,held_out,125.799765031298,-0.027524272550259257,8,8,1.0,3.375,False
3,199807,1998,7,held_out,251.599530062597,-0.009803352298259849,8,8,1.0,3.375,False
3,199807,1998,7,held_out,503.199060125194,-0.0006143102966809366,8,8,1.0,3.375,False
3,199807,1998,7,held_out,1006.39812025039,-0.02869191325372554,8,8,1.0,3.375,False
3,199807,1998,7,held_out,2012.79624050077,-0.04185229022131204,8,8,1.0,3.375,False
3,199808,1998,8,held_out,125.799765031298,0.225852081829028,8,5,0.625,2.6,False
3,199808,1998,8,held_out,251.599530062597,0.19222020458452785,8,5,0.625,2.6,False
3,199808,1998,8,held_out,503.199060125194,0.1296534818107146,8,5,0.625,2.6,False
3,199808,1998,8,held_out,1006.39812025039,0.09789470218607048,8,5,0.625,2.6,False
3,199808,1998,8,held_out,2012.79624050077,0.09440989525851488,8,5,0.625,2.6,False
3,199906,1999,6,held_out,125.799765031298,-0.09132535544758247,8,8,1.0,1.625,False
3,199906,1999,6,held_out,251.599530062597,-0.09425662616862703,8,8,1.0,1.625,False
3,199906,1999,6,held_out,503.199060125194,-0.08223210351581153,8,8,1.0,1.625,False
3,199906,1999,6,held_out,1006.39812025039,-0.10806838393247785,8,8,1.0,1.625,False
3,199906,1999,6,held_out,2012.79624050077,-0.13295819088357833,8,8,1.0,1.625,False
3,199907,1999,7,held_out,125.799765031298,0.042349037420893056,8,3,0.375,2.0,False
3,199907,1999,7,held_out,251.599530062597,0.04407086036903499,8,3,0.375,2.0,False
3,199907,1999,7,held_out,503.199060125194,0.05509112657385007,8,3,0.375,2.0,False
3,199907,1999,7,held_out,1006.39812025039,0.04410488063368312,8,3,0.375,2.0,False
3,199907,1999,7,held_out,2012.79624050077,0.03900165764371496,8,3,0.375,2.0,False
3,199908,1999,8,held_out,125.799765031298,-0.14600070092284978,8,8,1.0,3.375,False
3,199908,1999,8,held_out,251.599530062597,-0.17346696871729356,8,8,1.0,3.375,False
3,199908,1999,8,held_out,503.199060125194,-0.18701851990296214,8,8,1.0,3.375,False
3,199908,1999,8,held_out,1006.39812025039,-0.23731234194087758,8,8,1.0,3.375,False
3,199908,1999,8,held_out,2012.79624050077,-0.2769448213711319,8,8,1.0,3.375,False
3,200006,2000,6,held_out,125.799765031298,-0.09909333129178721,8,8,1.0,2.0,False
3,200006,2000,6,held_out,251.599530062597,-0.13631242205289504,8,8,1.0,2.0,False
3,200006,2000,6,held_out,503.199060125194,-0.1802178456652049,8,8,1.0,2.0,False
3,200006,2000,6,held_out,1006.39812025039,-0.19954975402624853,8,8,1.0,2.0,False
3,200006,2000,6,held_out,2012.79624050077,-0.20370104943734427,8,8,1.0,2.0,False
3,200007,2000,7,held_out,125.799765031298,-0.235626394163865,8,8,1.0,2.625,False
3,200007,2000,7,held_out,251.599530062597,-0.29880482395643865,8,8,1.0,2.625,False
3,200007,2000,7,held_out,503.199060125194,-0.3736728012714332,8,8,1.0,2.625,False
3,200007,2000,7,held_out,1006.39812025039,-0.43382095083561134,8,8,1.0,2.625,False
3,200007,2000,7,held_out,2012.79624050077,-0.46309498879171757,8,8,1.0,2.625,False
3,200008,2000,8,held_out,125.799765031298,-0.1733943680311918,8,6,0.75,2.0,False
3,200008,2000,8,held_out,251.599530062597,-0.15391473555856994,8,6,0.75,2.0,False
3,200008,2000,8,held_out,503.199060125194,-0.11760461382165573,8,6,0.75,2.0,False
3,200008,2000,8,held_out,1006.39812025039,-0.1271637385988653,8,6,0.75,2.0,False
3,200008,2000,8,held_out,2012.79624050077,-0.14228980022097323,8,6,0.75,2.0,False
3,200106,2001,6,held_out,125.799765031298,-0.005409001411987802,8,4,0.5,3.0,False
3,200106,2001,6,held_out,251.599530062597,-0.06889202276376866,8,4,0.5,3.0,False
3,200106,2001,6,held_out,503.199060125194,-0.07778387656490571,8,4,0.5,3.0,False
3,200106,2001,6,held_out,1006.39812025039,-0.06254988784547502,8,4,0.5,3.0,False
3,200106,2001,6,held_out,2012.79624050077,-0.06251404957034973,8,4,0.5,3.0,False
3,200107,2001,7,held_out,125.799765031298,0.04953483617010049,8,8,1.0,2.0,False
3,200107,2001,7,held_out,251.599530062597,0.016877015941937093,8,8,1.0,2.0,False
3,200107,2001,7,held_out,503.199060125194,-0.010211210251979852,8,8,1.0,2.0,False
3,200107,2001,7,held_out,1006.39812025039,-0.03473516467760579,8,8,1.0,2.0,False
3,200107,2001,7,held_out,2012.79624050077,-0.04093984802099672,8,8,1.0,2.0,False
3,200108,2001,8,held_out,125.799765031298,-0.06233856687030659,8,4,0.5,2.75,False
3,200108,2001,8,held_out,251.599530062597,-0.0525088326154064,8,4,0.5,2.75,False
3,200108,2001,8,held_out,503.199060125194,-0.08349499409801503,8,4,0.5,2.75,False
3,200108,2001,8,held_out,1006.39812025039,-0.19015697490095526,8,4,0.5,2.75,False
3,200108,2001,8,held_out,2012.79624050077,-0.25118861468907405,8,4,0.5,2.75,False
3,200206,2002,6,held_out,125.799765031298,0.05670984065684112,8,8,1.0,2.875,False
3,200206,2002,6,held_out,251.599530062597,0.0767300431943254,8,8,1.0,2.875,False
3,200206,2002,6,held_out,503.199060125194,0.10504909540395546,8,8,1.0,2.875,False
3,200206,2002,6,held_out,1006.39812025039,0.10011692046107017,8,8,1.0,2.875,False
3,200206,2002,6,held_out,2012.79624050077,0.08226813048316527,8,8,1.0,2.875,False
3,200207,2002,7,held_out,125.799765031298,0.09333355902033683,8,8,1.0,1.875,False
3,200207,2002,7,held_out,251.599530062597,0.11192836821824428,8,8,1.0,1.875,False
3,200207,2002,7,held_out,503.199060125194,0.16454156536742548,8,8,1.0,1.875,False
3,200207,2002,7,held_out,1006.39812025039,0.1905738076370773,8,8,1.0,1.875,False
3,200207,2002,7,held_out,2012.79624050077,0.18516424153118877,8,8,1.0,1.875,False
3,200208,2002,8,held_out,125.799765031298,-0.10963001573467261,8,6,0.75,2.6666666666666665,False
3,200208,2002,8,held_out,251.599530062597,-0.13566002358286802,8,6,0.75,2.6666666666666665,False
3,200208,2002,8,held_out,503.199060125194,-0.17173984606820447,8,6,0.75,2.6666666666666665,False
3,200208,2002,8,held_out,1006.39812025039,-0.21485970051585182,8,6,0.75,2.6666666666666665,False
3,200208,2002,8,held_out,2012.79624050077,-0.2323300207982466,8,6,0.75,2.6666666666666665,False
3,200306,2003,6,held_out,125.799765031298,-0.11164054003592892,8,7,0.875,2.142857142857143,False
3,200306,2003,6,held_out,251.599530062597,-0.14504842725973416,8,7,0.875,2.142857142857143,False
3,200306,2003,6,held_out,503.199060125194,-0.13198022754452657,8,7,0.875,2.142857142857143,False
3,200306,2003,6,held_out,1006.39812025039,-0.09762285943290132,8,7,0.875,2.142857142857143,False
3,200306,2003,6,held_out,2012.79624050077,-0.0824812319526974,8,7,0.875,2.142857142857143,False
3,200307,2003,7,held_out,125.799765031298,-0.016389164012164687,8,3,0.375,2.0,False
3,200307,2003,7,held_out,251.599530062597,-0.0001763665382983337,8,3,0.375,2.0,False
3,200307,2003,7,held_out,503.199060125194,-0.015000139960850626,8,3,0.375,2.0,False
3,200307,2003,7,held_out,1006.39812025039,-0.1071344090961881,8,3,0.375,2.0,False
3,200307,2003,7,held_out,2012.79624050077,-0.15775334628325235,8,3,0.375,2.0,False
3,200308,2003,8,held_out,125.799765031298,-0.09512264417394536,8,8,1.0,2.75,False
3,200308,2003,8,held_out,251.599530062597,-0.10460358563067923,8,8,1.0,2.75,False
3,200308,2003,8,held_out,503.199060125194,-0.12611948817525698,8,8,1.0,2.75,False
3,200308,2003,8,held_out,1006.39812025039,-0.17096564276862025,8,8,1.0,2.75,False
3,200308,2003,8,held_out,2012.79624050077,-0.1887499490035889,8,8,1.0,2.75,False
3,200406,2004,6,held_out,125.799765031298,-0.03734408597357739,8,5,0.625,2.0,False
3,200406,2004,6,held_out,251.599530062597,-0.06950784797442136,8,5,0.625,2.0,False
3,200406,2004,6,held_out,503.199060125194,-0.04895988127198232,8,5,0.625,2.0,False
3,200406,2004,6,held_out,1006.39812025039,-0.029075558244242794,8,5,0.625,2.0,False
3,200406,2004,6,held_out,2012.79624050077,-0.02587511088391441,8,5,0.625,2.0,False
3,200407,2004,7,held_out,125.799765031298,-0.00791423548765001,8,8,1.0,2.0,False
3,200407,2004,7,held_out,251.599530062597,-0.061709650716816764,8,8,1.0,2.0,False
3,200407,2004,7,held_out,503.199060125194,-0.08560890138338656,8,8,1.0,2.0,False
3,200407,2004,7,held_out,1006.39812025039,-0.1067387362002994,8,8,1.0,2.0,False
3,200407,2004,7,held_out,2012.79624050077,-0.12249013998375716,8,8,1.0,2.0,False
3,200408,2004,8,held_out,125.799765031298,-0.04722067365576625,8,8,1.0,2.25,False
3,200408,2004,8,held_out,251.599530062597,-0.07990498483921293,8,8,1.0,2.25,False
3,200408,2004,8,held_out,503.199060125194,-0.13344425152603276,8,8,1.0,2.25,False
3,200408,2004,8,held_out,1006.39812025039,-0.2163581537641961,8,8,1.0,2.25,False
3,200408,2004,8,held_out,2012.79624050077,-0.26390040930381076,8,8,1.0,2.25,False
3,200506,2005,6,held_out,125.799765031298,-0.14390130517818103,8,3,0.375,2.0,False
3,200506,2005,6,held_out,251.599530062597,-0.18785067593741236,8,3,0.375,2.0,False
3,200506,2005,6,held_out,503.199060125194,-0.18215698737632532,8,3,0.375,2.0,False
3,200506,2005,6,held_out,1006.39812025039,-0.12064992491870681,8,3,0.375,2.0,False
3,200506,2005,6,held_out,2012.79624050077,-0.09552265147224515,8,3,0.375,2.0,False
3,200507,2005,7,held_out,125.799765031298,-0.0824106565187015,8,8,1.0,2.75,False
3,200507,2005,7,held_out,251.599530062597,-0.13321289986467838,8,8,1.0,2.75,False
3,200507,2005,7,held_out,503.199060125194,-0.1877626303712116,8,8,1.0,2.75,False
3,200507,2005,7,held_out,1006.39812025039,-0.23603775679251143,8,8,1.0,2.75,False
3,200507,2005,7,held_out,2012.79624050077,-0.2604681383547239,8,8,1.0,2.75,False
3,200508,2005,8,held_out,125.799765031298,-0.035050549774802583,8,7,0.875,2.0,False
3,200508,2005,8,held_out,251.599530062597,-0.01902097090792584,8,7,0.875,2.0,False
3,200508,2005,8,held_out,503.199060125194,-0.003907234528466752,8,7,0.875,2.0,False
3,200508,2005,8,held_out,1006.39812025039,-0.06330372802875049,8,7,0.875,2.0,False
3,200508,2005,8,held_out,2012.79624050077,-0.11521418849804257,8,7,0.875,2.0,False
3,200606,2006,6,held_out,125.799765031298,0.08039159414957311,8,5,0.625,3.2,False
3,200606,2006,6,held_out,251.599530062597,0.09341176833999201,8,5,0.625,3.2,False
3,200606,2006,6,held_out,503.199060125194,0.08063779963011827,8,5,0.625,3.2,False
3,200606,2006,6,held_out,1006.39812025039,0.014812323339951505,8,5,0.625,3.2,False
3,200606,2006,6,held_out,2012.79624050077,-0.01428403395979847,8,5,0.625,3.2,False
3,200607,2006,7,held_out,125.799765031298,0.10168585457290838,8,8,1.0,1.625,False
3,200607,2006,7,held_out,251.599530062597,-0.0228175831336712,8,8,1.0,1.625,False
3,200607,2006,7,held_out,503.199060125194,-0.1696042337910615,8,8,1.0,1.625,False
3,200607,2006,7,held_out,1006.39812025039,-0.23092823900086912,8,8,1.0,1.625,False
3,200607,2006,7,held_out,2012.79624050077,-0.24373410664936523,8,8,1.0,1.625,False
3,200608,2006,8,held_out,125.799765031298,-0.022053276942409012,8,6,0.75,2.0,False
3,200608,2006,8,held_out,251.599530062597,-0.03697247201939261,8,6,0.75,2.0,False
3,200608,2006,8,held_out,503.199060125194,-0.07541290090042656,8,6,0.75,2.0,False
3,200608,2006,8,held_out,1006.39812025039,-0.12367856044700204,8,6,0.75,2.0,False
3,200608,2006,8,held_out,2012.79624050077,-0.14125017345442678,8,6,0.75,2.0,False
3,200706,2007,6,held_out,125.799765031298,0.17078061353083082,8,3,0.375,2.0,False
3,200706,2007,6,held_out,251.599530062597,0.20256571084980482,8,3,0.375,2.0,False
3,200706,2007,6,held_out,503.199060125194,0.12170770380235196,8,3,0.375,2.0,False
3,200706,2007,6,held_out,1006.39812025039,0.0227233647160322,8,3,0.375,2.0,False
3,200706,2007,6,held_out,2012.79624050077,-0.006162883465061886,8,3,0.375,2.0,False
3,200707,2007,7,held_out,125.799765031298,0.03646405663017866,8,7,0.875,2.4285714285714284,False
3,200707,2007,7,held_out,251.599530062597,0.08398449275570184,8,7,0.875,2.4285714285714284,False
3,200707,2007,7,held_out,503.199060125194,0.10530255295479518,8,7,0.875,2.4285714285714284,False
3,200707,2007,7,held_out,1006.39812025039,0.01582869666553997,8,7,0.875,2.4285714285714284,False
3,200707,2007,7,held_out,2012.79624050077,-0.03597225759840133,8,7,0.875,2.4285714285714284,False
3,200708,2007,8,held_out,125.799765031298,0.09242446021821367,8,8,1.0,2.875,False
3,200708,2007,8,held_out,251.599530062597,0.08458485891266722,8,8,1.0,2.875,False
3,200708,2007,8,held_out,503.199060125194,0.0209454513378855,8,8,1.0,2.875,False
3,200708,2007,8,held_out,1006.39812025039,-0.09673104417536156,8,8,1.0,2.875,False
3,200708,2007,8,held_out,2012.79624050077,-0.1560498597765923,8,8,1.0,2.875,False
3,200806,2008,6,held_out,125.799765031298,-0.005235116355133643,8,8,1.0,2.5,False
3,200806,2008,6,held_out,251.599530062597,0.004339944692819134,8,8,1.0,2.5,False
3,200806,2008,6,held_out,503.199060125194,0.05641978152838374,8,8,1.0,2.5,False
3,200806,2008,6,held_out,1006.39812025039,0.05803079203141931,8,8,1.0,2.5,False
3,200806,2008,6,held_out,2012.79624050077,0.0400894013788016,8,8,1.0,2.5,False
3,200807,2008,7,held_out,125.799765031298,0.0007808801860933468,8,5,0.625,2.2,False
3,200807,2008,7,held_out,251.599530062597,0.027421661711845347,8,5,0.625,2.2,False
3,200807,2008,7,held_out,503.199060125194,0.01973861890761619,8,5,0.625,2.2,False
3,200807,2008,7,held_out,1006.39812025039,-0.028435460933739675,8,5,0.625,2.2,False
3,200807,2008,7,held_out,2012.79624050077,-0.04914490413594865,8,5,0.625,2.2,False
3,200808,2008,8,held_out,125.799765031298,-0.08503731931778281,8,8,1.0,2.375,False
3,200808,2008,8,held_out,251.599530062597,-0.1356422501461537,8,8,1.0,2.375,False
3,200808,2008,8,held_out,503.199060125194,-0.19200932259594536,8,8,1.0,2.375,False
3,200808,2008,8,held_out,1006.39812025039,-0.23284318032402015,8,8,1.0,2.375,False
3,200808,2008,8,held_out,2012.79624050077,-0.24853022900807648,8,8,1.0,2.375,False
3,200906,2009,6,held_out,125.799765031298,-0.09262407503596695,8,8,1.0,2.875,False
3,200906,2009,6,held_out,251.599530062597,-0.10354861421399034,8,8,1.0,2.875,False
3,200906,2009,6,held_out,503.199060125194,-0.1189562919067125,8,8,1.0,2.875,False
3,200906,2009,6,held_out,1006.39812025039,-0.1624280428129374,8,8,1.0,2.875,False
3,200906,2009,6,held_out,2012.79624050077,-0.18165464697165623,8,8,1.0,2.875,False
3,200907,2009,7,held_out,125.799765031298,-0.0612441520070265,8,7,0.875,2.0,False
3,200907,2009,7,held_out,251.599530062597,-0.0459872305944017,8,7,0.875,2.0,False
3,200907,2009,7,held_out,503.199060125194,-0.06479148424170837,8,7,0.875,2.0,False
3,200907,2009,7,held_out,1006.39812025039,-0.11625427737363879,8,7,0.875,2.0,False
3,200907,2009,7,held_out,2012.79624050077,-0.14534012945889346,8,7,0.875,2.0,False
3,200908,2009,8,held_out,125.799765031298,-0.18488762725658736,8,8,1.0,3.25,False
3,200908,2009,8,held_out,251.599530062597,-0.19774521284712515,8,8,1.0,3.25,False
3,200908,2009,8,held_out,503.199060125194,-0.2161118862786202,8,8,1.0,3.25,False
3,200908,2009,8,held_out,1006.39812025039,-0.2279202806990602,8,8,1.0,3.25,False
3,200908,2009,8,held_out,2012.79624050077,-0.23208793895938243,8,8,1.0,3.25,False
3,201006,2010,6,held_out,125.799765031298,0.036021225745631526,8,7,0.875,3.4285714285714284,False
3,201006,2010,6,held_out,251.599530062597,0.09337543880868551,8,7,0.875,3.4285714285714284,False
3,201006,2010,6,held_out,503.199060125194,0.2012738511634892,8,7,0.875,3.4285714285714284,False
3,201006,2010,6,held_out,1006.39812025039,0.22992762411335413,8,7,0.875,3.4285714285714284,False
3,201006,2010,6,held_out,2012.79624050077,0.20293171718850847,8,7,0.875,3.4285714285714284,False
3,201007,2010,7,held_out,125.799765031298,-0.07750301327303726,8,3,0.375,2.0,False
3,201007,2010,7,held_out,251.599530062597,-0.08539063450721744,8,3,0.375,2.0,False
3,201007,2010,7,held_out,503.199060125194,-0.09686813775273957,8,3,0.375,2.0,False
3,201007,2010,7,held_out,1006.39812025039,-0.12161666560889313,8,3,0.375,2.0,False
3,201007,2010,7,held_out,2012.79624050077,-0.13121502137637206,8,3,0.375,2.0,False
3,201008,2010,8,held_out,125.799765031298,-0.08008247949094054,8,7,0.875,2.5714285714285716,False
3,201008,2010,8,held_out,251.599530062597,-0.11149854854691468,8,7,0.875,2.5714285714285716,False
3,201008,2010,8,held_out,503.199060125194,-0.18436585149625367,8,7,0.875,2.5714285714285716,False
3,201008,2010,8,held_out,1006.39812025039,-0.26318724389157033,8,7,0.875,2.5714285714285716,False
3,201008,2010,8,held_out,2012.79624050077,-0.29819513256775604,8,7,0.875,2.5714285714285716,False
3,201106,2011,6,held_out,125.799765031298,-0.07589312919857273,8,8,1.0,2.375,False
3,201106,2011,6,held_out,251.599530062597,-0.06570707693005307,8,8,1.0,2.375,False
3,201106,2011,6,held_out,503.199060125194,-0.03145248696454882,8,8,1.0,2.375,False
3,201106,2011,6,held_out,1006.39812025039,-0.06273214589897459,8,8,1.0,2.375,False
3,201106,2011,6,held_out,2012.79624050077,-0.09715378366240716,8,8,1.0,2.375,False
3,201107,2011,7,held_out,125.799765031298,0.03791172209755938,8,7,0.875,2.142857142857143,False
3,201107,2011,7,held_out,251.599530062597,0.031895954628717256,8,7,0.875,2.142857142857143,False
3,201107,2011,7,held_out,503.199060125194,0.01880347141080685,8,7,0.875,2.142857142857143,False
3,201107,2011,7,held_out,1006.39812025039,-0.03293347810511793,8,7,0.875,2.142857142857143,False
3,201107,2011,7,held_out,2012.79624050077,-0.06929247968422654,8,7,0.875,2.142857142857143,False
3,201108,2011,8,held_out,125.799765031298,-0.0012212556038402878,8,6,0.75,2.0,False
3,201108,2011,8,held_out,251.599530062597,-0.04347802399613648,8,6,0.75,2.0,False
3,201108,2011,8,held_out,503.199060125194,-0.09118968981198705,8,6,0.75,2.0,False
3,201108,2011,8,held_out,1006.39812025039,-0.14525730573113776,8,6,0.75,2.0,False
3,201108,2011,8,held_out,2012.79624050077,-0.17060826286321673,8,6,0.75,2.0,False
3,201206,2012,6,held_out,125.799765031298,-0.029000488832546245,8,3,0.375,2.0,False
3,201206,2012,6,held_out,251.599530062597,-0.062487668037922973,8,3,0.375,2.0,False
3,201206,2012,6,held_out,503.199060125194,-0.09524665885564132,8,3,0.375,2.0,False
3,201206,2012,6,held_out,1006.39812025039,-0.10046966550948384,8,3,0.375,2.0,False
3,201206,2012,6,held_out,2012.79624050077,-0.09471307797651478,8,3,0.375,2.0,False
3,201207,2012,7,held_out,125.799765031298,-0.15411515498575262,8,8,1.0,3.25,False
3,201207,2012,7,held_out,251.599530062597,-0.22174668541528003,8,8,1.0,3.25,False
3,201207,2012,7,held_out,503.199060125194,-0.30056377334649476,8,8,1.0,3.25,False
3,201207,2012,7,held_out,1006.39812025039,-0.33533812773225574,8,8,1.0,3.25,False
3,201207,2012,7,held_out,2012.79624050077,-0.34653009878557556,8,8,1.0,3.25,False
3,201208,2012,8,held_out,125.799765031298,-0.12614355629304336,8,8,1.0,3.375,False
3,201208,2012,8,held_out,251.599530062597,-0.16975007010313298,8,8,1.0,3.375,False
3,201208,2012,8,held_out,503.199060125194,-0.2233308720557255,8,8,1.0,3.375,False
3,201208,2012,8,held_out,1006.39812025039,-0.2687525350368237,8,8,1.0,3.375,False
3,201208,2012,8,held_out,2012.79624050077,-0.2894950352782358,8,8,1.0,3.375,False
3,201306,2013,6,held_out,125.799765031298,0.00379290550639913,8,8,1.0,2.75,False
3,201306,2013,6,held_out,251.599530062597,0.054912654850130596,8,8,1.0,2.75,False
3,201306,2013,6,held_out,503.199060125194,0.13555641960531045,8,8,1.0,2.75,False
3,201306,2013,6,held_out,1006.39812025039,0.12198076770555702,8,8,1.0,2.75,False
3,201306,2013,6,held_out,2012.79624050077,0.09946415970720128,8,8,1.0,2.75,False
3,201307,2013,7,held_out,125.799765031298,-0.06579584776554978,8,8,1.0,3.25,False
3,201307,2013,7,held_out,251.599530062597,-0.07460221655226415,8,8,1.0,3.25,False
3,201307,2013,7,held_out,503.199060125194,-0.10437915661303039,8,8,1.0,3.25,False
3,201307,2013,7,held_out,1006.39812025039,-0.1355652063059692,8,8,1.0,3.25,False
3,201307,2013,7,held_out,2012.79624050077,-0.14361472314083226,8,8,1.0,3.25,False
3,201308,2013,8,held_out,125.799765031298,-0.04671916309272213,8,8,1.0,3.375,False
3,201308,2013,8,held_out,251.599530062597,-0.1333412400350304,8,8,1.0,3.375,False
3,201308,2013,8,held_out,503.199060125194,-0.22301145097032588,8,8,1.0,3.375,False
3,201308,2013,8,held_out,1006.39812025039,-0.27253322262099944,8,8,1.0,3.375,False
3,201308,2013,8,held_out,2012.79624050077,-0.2892943300694373,8,8,1.0,3.375,False
3,201406,2014,6,held_out,125.799765031298,0.058012624269287126,8,5,0.625,3.0,False
3,201406,2014,6,held_out,251.599530062597,0.07952226388633199,8,5,0.625,3.0,False
3,201406,2014,6,held_out,503.199060125194,0.15153307310403127,8,5,0.625,3.0,False
3,201406,2014,6,held_out,1006.39812025039,0.2559175499563821,8,5,0.625,3.0,False
3,201406,2014,6,held_out,2012.79624050077,0.28882171581639987,8,5,0.625,3.0,False
3,201407,2014,7,held_out,125.799765031298,-0.032254666871848275,8,8,1.0,1.875,False
3,201407,2014,7,held_out,251.599530062597,-0.03086354845639208,8,8,1.0,1.875,False
3,201407,2014,7,held_out,503.199060125194,-0.03565487721381162,8,8,1.0,1.875,False
3,201407,2014,7,held_out,1006.39812025039,-0.07977284635079009,8,8,1.0,1.875,False
3,201407,2014,7,held_out,2012.79624050077,-0.10329447612848557,8,8,1.0,1.875,False
3,201408,2014,8,held_out,125.799765031298,0.235032085986074,8,4,0.5,2.0,False
3,201408,2014,8,held_out,251.599530062597,0.31278855588851995,8,4,0.5,2.0,False
3,201408,2014,8,held_out,503.199060125194,0.38781539698764633,8,4,0.5,2.0,False
3,201408,2014,8,held_out,1006.39812025039,0.3669386532137597,8,4,0.5,2.0,False
3,201408,2014,8,held_out,2012.79624050077,0.34185887514355723,8,4,0.5,2.0,False
3,201506,2015,6,discovery,125.799765031298,0.12398268174699593,8,3,0.375,2.0,False
3,201506,2015,6,discovery,251.599530062597,0.12441399762905414,8,3,0.375,2.0,False
3,201506,2015,6,discovery,503.199060125194,0.1294685779486107,8,3,0.375,2.0,False
3,201506,2015,6,discovery,1006.39812025039,0.05268968846895491,8,3,0.375,2.0,False
3,201506,2015,6,discovery,2012.79624050077,-0.01539117505836285,8,3,0.375,2.0,False
3,201507,2015,7,discovery,125.799765031298,-0.19897167867313112,8,6,0.75,3.5,False
3,201507,2015,7,discovery,251.599530062597,-0.20884708652992412,8,6,0.75,3.5,False
3,201507,2015,7,discovery,503.199060125194,-0.1900220547990077,8,6,0.75,3.5,False
3,201507,2015,7,discovery,1006.39812025039,-0.18385720168360056,8,6,0.75,3.5,False
3,201507,2015,7,discovery,2012.79624050077,-0.1869699617633711,8,6,0.75,3.5,False
3,201508,2015,8,discovery,125.799765031298,-0.13247184926855615,8,8,1.0,2.125,False
3,201508,2015,8,discovery,251.599530062597,-0.1530901556764534,8,8,1.0,2.125,False
3,201508,2015,8,discovery,503.199060125194,-0.23123780391508153,8,8,1.0,2.125,False
3,201508,2015,8,discovery,1006.39812025039,-0.27675882502725874,8,8,1.0,2.125,False
3,201508,2015,8,discovery,2012.79624050077,-0.27838341271687467,8,8,1.0,2.125,False
3,201606,2016,6,held_out,125.799765031298,0.14778935401919752,8,6,0.75,1.5,False
3,201606,2016,6,held_out,251.599530062597,0.22793091147212444,8,6,0.75,1.5,False
3,201606,2016,6,held_out,503.199060125194,0.3205310650219912,8,6,0.75,1.5,False
3,201606,2016,6,held_out,1006.39812025039,0.2612629547020986,8,6,0.75,1.5,False
3,201606,2016,6,held_out,2012.79624050077,0.20226449349895845,8,6,0.75,1.5,False
3,201607,2016,7,held_out,125.799765031298,-0.014627203720209273,8,8,1.0,3.5,False
3,201607,2016,7,held_out,251.599530062597,-0.058165046847768326,8,8,1.0,3.5,False
3,201607,2016,7,held_out,503.199060125194,-0.12945425919767284,8,8,1.0,3.5,False
3,201607,2016,7,held_out,1006.39812025039,-0.1615937820574883,8,8,1.0,3.5,False
3,201607,2016,7,held_out,2012.79624050077,-0.1620621009123327,8,8,1.0,3.5,False
3,201608,2016,8,held_out,125.799765031298,0.11963737904629165,8,8,1.0,3.0,False
3,201608,2016,8,held_out,251.599530062597,0.12282635953199572,8,8,1.0,3.0,False
3,201608,2016,8,held_out,503.199060125194,0.12046001430542683,8,8,1.0,3.0,False
3,201608,2016,8,held_out,1006.39812025039,0.11761179388542112,8,8,1.0,3.0,False
3,201608,2016,8,held_out,2012.79624050077,0.11316924338182968,8,8,1.0,3.0,False
3,201706,2017,6,held_out,125.799765031298,-0.12214891796616481,8,7,0.875,2.2857142857142856,False
3,201706,2017,6,held_out,251.599530062597,-0.1327247646643101,8,7,0.875,2.2857142857142856,False
3,201706,2017,6,held_out,503.199060125194,-0.103288400787904,8,7,0.875,2.2857142857142856,False
3,201706,2017,6,held_out,1006.39812025039,-0.07988733042281783,8,7,0.875,2.2857142857142856,False
3,201706,2017,6,held_out,2012.79624050077,-0.07535518068727563,8,7,0.875,2.2857142857142856,False
3,201707,2017,7,held_out,125.799765031298,-0.043058219390652255,8,8,1.0,2.875,False
3,201707,2017,7,held_out,251.599530062597,-0.03233079252954113,8,8,1.0,2.875,False
3,201707,2017,7,held_out,503.199060125194,-0.06051002977415701,8,8,1.0,2.875,False
3,201707,2017,7,held_out,1006.39812025039,-0.10420433431843083,8,8,1.0,2.875,False
3,201707,2017,7,held_out,2012.79624050077,-0.1270313810253511,8,8,1.0,2.875,False
3,201708,2017,8,held_out,125.799765031298,0.04939002452743599,8,4,0.5,2.5,False
3,201708,2017,8,held_out,251.599530062597,0.09153019444609356,8,4,0.5,2.5,False
3,201708,2017,8,held_out,503.199060125194,0.13213160509197752,8,4,0.5,2.5,False
3,201708,2017,8,held_out,1006.39812025039,0.11191955989313956,8,4,0.5,2.5,False
3,201708,2017,8,held_out,2012.79624050077,0.09491028084865186,8,4,0.5,2.5,False
3,201806,2018,6,held_out,125.799765031298,-0.025497305495168227,8,3,0.375,2.0,False
3,201806,2018,6,held_out,251.599530062597,-0.005844819836385184,8,3,0.375,2.0,False
3,201806,2018,6,held_out,503.199060125194,0.00789657687562495,8,3,0.375,2.0,False
3,201806,2018,6,held_out,1006.39812025039,-0.10066485685959463,8,3,0.375,2.0,False
3,201806,2018,6,held_out,2012.79624050077,-0.17850652759846222,8,3,0.375,2.0,False
3,201807,2018,7,held_out,125.799765031298,-0.04780216518278774,8,8,1.0,2.75,False
3,201807,2018,7,held_out,251.599530062597,-0.10959253921602075,8,8,1.0,2.75,False
3,201807,2018,7,held_out,503.199060125194,-0.16519683624914708,8,8,1.0,2.75,False
3,201807,2018,7,held_out,1006.39812025039,-0.1992415289767134,8,8,1.0,2.75,False
3,201807,2018,7,held_out,2012.79624050077,-0.21309328184213447,8,8,1.0,2.75,False
3,201808,2018,8,held_out,125.799765031298,-0.06020322921399951,8,8,1.0,2.125,False
3,201808,2018,8,held_out,251.599530062597,-0.02567587673775125,8,8,1.0,2.125,False
3,201808,2018,8,held_out,503.199060125194,0.046249428797596456,8,8,1.0,2.125,False
3,201808,2018,8,held_out,1006.39812025039,0.08474100027502895,8,8,1.0,2.125,False
3,201808,2018,8,held_out,2012.79624050077,0.09055187752426706,8,8,1.0,2.125,False
3,201906,2019,6,held_out,125.799765031298,0.08568028096068124,8,8,1.0,2.5,False
3,201906,2019,6,held_out,251.599530062597,0.1084006954816316,8,8,1.0,2.5,False
3,201906,2019,6,held_out,503.199060125194,0.23232092557294196,8,8,1.0,2.5,False
3,201906,2019,6,held_out,1006.39812025039,0.3526587858213557,8,8,1.0,2.5,False
3,201906,2019,6,held_out,2012.79624050077,0.37263255474340695,8,8,1.0,2.5,False
3,201907,2019,7,held_out,125.799765031298,-0.07444810052881204,8,8,1.0,3.0,False
3,201907,2019,7,held_out,251.599530062597,-0.11915512474095358,8,8,1.0,3.0,False
3,201907,2019,7,held_out,503.199060125194,-0.16754863852707058,8,8,1.0,3.0,False
3,201907,2019,7,held_out,1006.39812025039,-0.1740660687023475,8,8,1.0,3.0,False
3,201907,2019,7,held_out,2012.79624050077,-0.16873928543842692,8,8,1.0,3.0,False
3,201908,2019,8,held_out,125.799765031298,-0.010114228921470361,8,8,1.0,1.875,False
3,201908,2019,8,held_out,251.599530062597,0.007548214434120945,8,8,1.0,1.875,False
3,201908,2019,8,held_out,503.199060125194,0.024183223669677623,8,8,1.0,1.875,False
3,201908,2019,8,held_out,1006.39812025039,0.0271478213072351,8,8,1.0,1.875,False
3,201908,2019,8,held_out,2012.79624050077,0.025082795580436912,8,8,1.0,1.875,False
3,202006,2020,6,held_out,125.799765031298,0.13709551474116646,8,4,0.5,2.5,False
3,202006,2020,6,held_out,251.599530062597,0.1945718689733584,8,4,0.5,2.5,False
3,202006,2020,6,held_out,503.199060125194,0.21129366961364843,8,4,0.5,2.5,False
3,202006,2020,6,held_out,1006.39812025039,0.1352358001824954,8,4,0.5,2.5,False
3,202006,2020,6,held_out,2012.79624050077,0.09929245084859811,8,4,0.5,2.5,False
3,202007,2020,7,held_out,125.799765031298,-0.0022520189462903145,8,7,0.875,2.4285714285714284,False
3,202007,2020,7,held_out,251.599530062597,-0.047721954464305875,8,7,0.875,2.4285714285714284,False
3,202007,2020,7,held_out,503.199060125194,-0.0773868083488548,8,7,0.875,2.4285714285714284,False
3,202007,2020,7,held_out,1006.39812025039,-0.10202589151827898,8,7,0.875,2.4285714285714284,False
3,202007,2020,7,held_out,2012.79624050077,-0.11158888747926834,8,7,0.875,2.4285714285714284,False
3,202008,2020,8,held_out,125.799765031298,0.04394538047090554,8,8,1.0,2.75,False
3,202008,2020,8,held_out,251.599530062597,0.00786580259657807,8,8,1.0,2.75,False
3,202008,2020,8,held_out,503.199060125194,-0.0460937964884965,8,8,1.0,2.75,False
3,202008,2020,8,held_out,1006.39812025039,-0.07466048957506241,8,8,1.0,2.75,False
3,202008,2020,8,held_out,2012.79624050077,-0.07890664639632497,8,8,1.0,2.75,False
3,202106,2021,6,held_out,125.799765031298,-0.16514274812142873,8,8,1.0,2.5,False
3,202106,2021,6,held_out,251.599530062597,-0.18166529825779304,8,8,1.0,2.5,False
3,202106,2021,6,held_out,503.199060125194,-0.20064239452102128,8,8,1.0,2.5,False
3,202106,2021,6,held_out,1006.39812025039,-0.22055460093920898,8,8,1.0,2.5,False
3,202106,2021,6,held_out,2012.79624050077,-0.2346492741714749,8,8,1.0,2.5,False
3,202107,2021,7,held_out,125.799765031298,-0.02688211841356032,8,8,1.0,2.75,False
3,202107,2021,7,held_out,251.599530062597,-0.016009461698505603,8,8,1.0,2.75,False
3,202107,2021,7,held_out,503.199060125194,-0.014295054759015352,8,8,1.0,2.75,False
3,202107,2021,7,held_out,1006.39812025039,-0.04173279659592276,8,8,1.0,2.75,False
3,202107,2021,7,held_out,2012.79624050077,-0.05919344476336756,8,8,1.0,2.75,False
3,202108,2021,8,held_out,125.799765031298,-0.15479534739574913,8,7,0.875,3.2857142857142856,False
3,202108,2021,8,held_out,251.599530062597,-0.20414583370868078,8,7,0.875,3.2857142857142856,False
3,202108,2021,8,held_out,503.199060125194,-0.23881442148053228,8,7,0.875,3.2857142857142856,False
3,202108,2021,8,held_out,1006.39812025039,-0.2384605069608499,8,7,0.875,3.2857142857142856,False
3,202108,2021,8,held_out,2012.79624050077,-0.23006051918935297,8,7,0.875,3.2857142857142856,False
3,202206,2022,6,discovery,125.799765031298,-0.07351829383300425,8,8,1.0,2.375,False
3,202206,2022,6,discovery,251.599530062597,-0.06529774134274173,8,8,1.0,2.375,False
3,202206,2022,6,discovery,503.199060125194,-0.065267082109857,8,8,1.0,2.375,False
3,202206,2022,6,discovery,1006.39812025039,-0.0796003691633551,8,8,1.0,2.375,False
3,202206,2022,6,discovery,2012.79624050077,-0.08999250729802219,8,8,1.0,2.375,False
3,202207,2022,7,discovery,125.799765031298,0.1312011980215126,8,8,1.0,2.0,False
3,202207,2022,7,discovery,251.599530062597,0.05537426689360757,8,8,1.0,2.0,False
3,202207,2022,7,discovery,503.199060125194,-0.04419560443716576,8,8,1.0,2.0,False
3,202207,2022,7,discovery,1006.39812025039,-0.09995427137575877,8,8,1.0,2.0,False
3,202207,2022,7,discovery,2012.79624050077,-0.121380515796831,8,8,1.0,2.0,False
3,202208,2022,8,discovery,125.799765031298,-0.10771568559329915,8,8,1.0,2.375,False
3,202208,2022,8,discovery,251.599530062597,-0.10359447623472672,8,8,1.0,2.375,False
3,202208,2022,8,discovery,503.199060125194,-0.14679228868743432,8,8,1.0,2.375,False
3,202208,2022,8,discovery,1006.39812025039,-0.20729326925123365,8,8,1.0,2.375,False
3,202208,2022,8,discovery,2012.79624050077,-0.2456686671815302,8,8,1.0,2.375,False
3,202306,2023,6,held_out,125.799765031298,0.15665251368126723,8,6,0.75,3.0,False
3,202306,2023,6,held_out,251.599530062597,0.20120804475380552,8,6,0.75,3.0,False
3,202306,2023,6,held_out,503.199060125194,0.28741611320355914,8,6,0.75,3.0,False
3,202306,2023,6,held_out,1006.39812025039,0.3364825824988326,8,6,0.75,3.0,False
3,202306,2023,6,held_out,2012.79624050077,0.3346782184530512,8,6,0.75,3.0,False
3,202307,2023,7,held_out,125.799765031298,-0.06881082847751348,8,8,1.0,2.75,False
3,202307,2023,7,held_out,251.599530062597,-0.11098533130830476,8,8,1.0,2.75,False
3,202307,2023,7,held_out,503.199060125194,-0.14947768052026628,8,8,1.0,2.75,False
3,202307,2023,7,held_out,1006.39812025039,-0.19090259277927815,8,8,1.0,2.75,False
3,202307,2023,7,held_out,2012.79624050077,-0.21522817260299842,8,8,1.0,2.75,False
3,202308,2023,8,held_out,125.799765031298,0.03223256046742643,8,6,0.75,2.6666666666666665,False
3,202308,2023,8,held_out,251.599530062597,0.017286379231638987,8,6,0.75,2.6666666666666665,False
3,202308,2023,8,held_out,503.199060125194,-0.10006220440915281,8,6,0.75,2.6666666666666665,False
3,202308,2023,8,held_out,1006.39812025039,-0.20685223862114124,8,6,0.75,2.6666666666666665,False
3,202308,2023,8,held_out,2012.79624050077,-0.24105744724803055,8,6,0.75,2.6666666666666665,False
3,202406,2024,6,held_out,125.799765031298,0.009165434253095767,8,8,1.0,3.5,False
3,202406,2024,6,held_out,251.599530062597,0.02467919384645033,8,8,1.0,3.5,False
3,202406,2024,6,held_out,503.199060125194,0.06851232799569121,8,8,1.0,3.5,False
3,202406,2024,6,held_out,1006.39812025039,0.06413464307277741,8,8,1.0,3.5,False
3,202406,2024,6,held_out,2012.79624050077,0.03927834748821277,8,8,1.0,3.5,False
3,202407,2024,7,held_out,125.799765031298,0.02512760940201922,8,8,1.0,2.375,False
3,202407,2024,7,held_out,251.599530062597,0.0030804302756644725,8,8,1.0,2.375,False
3,202407,2024,7,held_out,503.199060125194,-0.04507566288346493,8,8,1.0,2.375,False
3,202407,2024,7,held_out,1006.39812025039,-0.10074701976613211,8,8,1.0,2.375,False
3,202407,2024,7,held_out,2012.79624050077,-0.12877530085070527,8,8,1.0,2.375,False
3,202408,2024,8,held_out,125.799765031298,-0.03543628330662157,8,7,0.875,1.7142857142857142,False
3,202408,2024,8,held_out,251.599530062597,-0.08110581735207509,8,7,0.875,1.7142857142857142,False
3,202408,2024,8,held_out,503.199060125194,-0.12386736317688694,8,7,0.875,1.7142857142857142,False
3,202408,2024,8,held_out,1006.39812025039,-0.12754703764654132,8,7,0.875,1.7142857142857142,False
3,202408,2024,8,held_out,2012.79624050077,-0.1201838662229473,8,7,0.875,1.7142857142857142,False
3,202506,2025,6,held_out,125.799765031298,-0.052221999273675435,8,6,0.75,2.6666666666666665,False
3,202506,2025,6,held_out,251.599530062597,-0.037371416018537974,8,6,0.75,2.6666666666666665,False
3,202506,2025,6,held_out,503.199060125194,-0.02562894912431629,8,6,0.75,2.6666666666666665,False
3,202506,2025,6,held_out,1006.39812025039,-0.051745902949383714,8,6,0.75,2.6666666666666665,False
3,202506,2025,6,held_out,2012.79624050077,-0.07417657126366838,8,6,0.75,2.6666666666666665,False
3,202507,2025,7,held_out,125.799765031298,-0.12737721552352863,8,8,1.0,2.25,False
3,202507,2025,7,held_out,251.599530062597,-0.1392460415911377,8,8,1.0,2.25,False
3,202507,2025,7,held_out,503.199060125194,-0.14901817631303327,8,8,1.0,2.25,False
3,202507,2025,7,held_out,1006.39812025039,-0.1553377093967137,8,8,1.0,2.25,False
3,202507,2025,7,held_out,2012.79624050077,-0.15810540843636828,8,8,1.0,2.25,False
3,202508,2025,8,held_out,125.799765031298,-0.054927219231426794,8,4,0.5,3.0,False
3,202508,2025,8,held_out,251.599530062597,-0.06946270220101874,8,4,0.5,3.0,False
3,202508,2025,8,held_out,503.199060125194,-0.09030187394187936,8,4,0.5,3.0,False
3,202508,2025,8,held_out,1006.39812025039,-0.1276383901688526,8,4,0.5,3.0,False
3,202508,2025,8,held_out,2012.79624050077,-0.15147489769669073,8,4,0.5,3.0,False
5,199106,1991,6,held_out,125.799765031298,0.08743598364196106,8,8,1.0,4.375,False
5,199106,1991,6,held_out,251.599530062597,0.13325747100919888,8,8,1.0,4.375,False
5,199106,1991,6,held_out,503.199060125194,0.16208899446983072,8,8,1.0,4.375,False
5,199106,1991,6,held_out,1006.39812025039,0.11891321808329897,8,8,1.0,4.375,False
5,199106,1991,6,held_out,2012.79624050077,0.09033179727146261,8,8,1.0,4.375,False
5,199107,1991,7,held_out,125.799765031298,0.040342844477168474,8,8,1.0,5.125,False
5,199107,1991,7,held_out,251.599530062597,-0.048138264742274936,8,8,1.0,5.125,False
5,199107,1991,7,held_out,503.199060125194,-0.12872339264375493,8,8,1.0,5.125,False
5,199107,1991,7,held_out,1006.39812025039,-0.1927864787542443,8,8,1.0,5.125,False
5,199107,1991,7,held_out,2012.79624050077,-0.21653740018587508,8,8,1.0,5.125,False
5,199108,1991,8,held_out,125.799765031298,0.09936354128423244,8,8,1.0,5.75,False
5,199108,1991,8,held_out,251.599530062597,0.13750543068018517,8,8,1.0,5.75,False
5,199108,1991,8,held_out,503.199060125194,0.20594369670950036,8,8,1.0,5.75,False
5,199108,1991,8,held_out,1006.39812025039,0.21517499559902548,8,8,1.0,5.75,False
5,199108,1991,8,held_out,2012.79624050077,0.18842189434759626,8,8,1.0,5.75,False
5,199206,1992,6,held_out,125.799765031298,0.03930845559319658,8,8,1.0,4.0,False
5,199206,1992,6,held_out,251.599530062597,0.01683828351192984,8,8,1.0,4.0,False
5,199206,1992,6,held_out,503.199060125194,0.008791112012511773,8,8,1.0,4.0,False
5,199206,1992,6,held_out,1006.39812025039,0.009494985057218727,8,8,1.0,4.0,False
5,199206,1992,6,held_out,2012.79624050077,-0.0009240466523961904,8,8,1.0,4.0,False
5,199207,1992,7,held_out,125.799765031298,-0.09238104390518977,8,8,1.0,4.875,False
5,199207,1992,7,held_out,251.599530062597,-0.14970533026772093,8,8,1.0,4.875,False
5,199207,1992,7,held_out,503.199060125194,-0.1911742240176098,8,8,1.0,4.875,False
5,199207,1992,7,held_out,1006.39812025039,-0.20806931201121814,8,8,1.0,4.875,False
5,199207,1992,7,held_out,2012.79624050077,-0.21570139677822892,8,8,1.0,4.875,False
5,199208,1992,8,held_out,125.799765031298,0.050586928454839544,8,8,1.0,3.75,False
5,199208,1992,8,held_out,251.599530062597,0.10593011535976496,8,8,1.0,3.75,False
5,199208,1992,8,held_out,503.199060125194,0.1497732588072318,8,8,1.0,3.75,False
5,199208,1992,8,held_out,1006.39812025039,0.052411336454552426,8,8,1.0,3.75,False
5,199208,1992,8,held_out,2012.79624050077,-0.01698591153235826,8,8,1.0,3.75,False
5,199306,1993,6,held_out,125.799765031298,-0.10723563859700525,8,8,1.0,6.25,False
5,199306,1993,6,held_out,251.599530062597,-0.11735713853340497,8,8,1.0,6.25,False
5,199306,1993,6,held_out,503.199060125194,-0.10356401562913967,8,8,1.0,6.25,False
5,199306,1993,6,held_out,1006.39812025039,-0.10254265708592522,8,8,1.0,6.25,False
5,199306,1993,6,held_out,2012.79624050077,-0.11780328821233287,8,8,1.0,6.25,False
5,199307,1993,7,held_out,125.799765031298,0.04378198102033873,8,8,1.0,5.0,False
5,199307,1993,7,held_out,251.599530062597,0.047732479804272296,8,8,1.0,5.0,False
5,199307,1993,7,held_out,503.199060125194,0.02346385195719003,8,8,1.0,5.0,False
5,199307,1993,7,held_out,1006.39812025039,-0.02393631185347847,8,8,1.0,5.0,False
5,199307,1993,7,held_out,2012.79624050077,-0.05127893739279535,8,8,1.0,5.0,False
5,199308,1993,8,held_out,125.799765031298,-0.07368115502749029,8,6,0.75,2.8333333333333335,False
5,199308,1993,8,held_out,251.599530062597,-0.0762249513978842,8,6,0.75,2.8333333333333335,False
5,199308,1993,8,held_out,503.199060125194,-0.06592615322031296,8,6,0.75,2.8333333333333335,False
5,199308,1993,8,held_out,1006.39812025039,-0.07122646250287525,8,6,0.75,2.8333333333333335,False
5,199308,1993,8,held_out,2012.79624050077,-0.08494918507973248,8,6,0.75,2.8333333333333335,False
5,199406,1994,6,held_out,125.799765031298,-0.02504379664556708,8,8,1.0,2.5,False
5,199406,1994,6,held_out,251.599530062597,0.027208275187182926,8,8,1.0,2.5,False
5,199406,1994,6,held_out,503.199060125194,0.12479602907997815,8,8,1.0,2.5,False
5,199406,1994,6,held_out,1006.39812025039,0.13558512126710046,8,8,1.0,2.5,False
5,199406,1994,6,held_out,2012.79624050077,0.12364514790013395,8,8,1.0,2.5,False
5,199407,1994,7,held_out,125.799765031298,-0.004550550937448328,8,8,1.0,3.125,False
5,199407,1994,7,held_out,251.599530062597,-0.04738556613391061,8,8,1.0,3.125,False
5,199407,1994,7,held_out,503.199060125194,-0.10824507279405464,8,8,1.0,3.125,False
5,199407,1994,7,held_out,1006.39812025039,-0.1645345824250392,8,8,1.0,3.125,False
5,199407,1994,7,held_out,2012.79624050077,-0.18743124279247098,8,8,1.0,3.125,False
5,199408,1994,8,held_out,125.799765031298,-0.03186767399432067,8,8,1.0,4.0,False
5,199408,1994,8,held_out,251.599530062597,-0.06783820464804696,8,8,1.0,4.0,False
5,199408,1994,8,held_out,503.199060125194,-0.1341965882514934,8,8,1.0,4.0,False
5,199408,1994,8,held_out,1006.39812025039,-0.20081081454115132,8,8,1.0,4.0,False
5,199408,1994,8,held_out,2012.79624050077,-0.2313818221581044,8,8,1.0,4.0,False
5,199506,1995,6,held_out,125.799765031298,0.04384335794898166,8,8,1.0,4.0,False
5,199506,1995,6,held_out,251.599530062597,0.029313770939502742,8,8,1.0,4.0,False
5,199506,1995,6,held_out,503.199060125194,0.02796406172576911,8,8,1.0,4.0,False
5,199506,1995,6,held_out,1006.39812025039,0.05084256047837282,8,8,1.0,4.0,False
5,199506,1995,6,held_out,2012.79624050077,0.06617437881734224,8,8,1.0,4.0,False
5,199507,1995,7,held_out,125.799765031298,0.030342915040513813,8,8,1.0,5.875,False
5,199507,1995,7,held_out,251.599530062597,0.0031279072182597706,8,8,1.0,5.875,False
5,199507,1995,7,held_out,503.199060125194,-0.05472594940040462,8,8,1.0,5.875,False
5,199507,1995,7,held_out,1006.39812025039,-0.12296647247906067,8,8,1.0,5.875,False
5,199507,1995,7,held_out,2012.79624050077,-0.15186504608771842,8,8,1.0,5.875,False
5,199508,1995,8,held_out,125.799765031298,-0.04786101933124204,8,8,1.0,3.5,False
5,199508,1995,8,held_out,251.599530062597,-0.07090111102025011,8,8,1.0,3.5,False
5,199508,1995,8,held_out,503.199060125194,-0.11108964061191481,8,8,1.0,3.5,False
5,199508,1995,8,held_out,1006.39812025039,-0.1335078791601197,8,8,1.0,3.5,False
5,199508,1995,8,held_out,2012.79624050077,-0.13677819370538571,8,8,1.0,3.5,False
5,199606,1996,6,held_out,125.799765031298,-0.1677299150009333,8,8,1.0,5.125,False
5,199606,1996,6,held_out,251.599530062597,-0.1606241610488688,8,8,1.0,5.125,False
5,199606,1996,6,held_out,503.199060125194,-0.12867923724306893,8,8,1.0,5.125,False
5,199606,1996,6,held_out,1006.39812025039,-0.1243807829325756,8,8,1.0,5.125,False
5,199606,1996,6,held_out,2012.79624050077,-0.13356402542890716,8,8,1.0,5.125,False
5,199607,1996,7,held_out,125.799765031298,-0.12919664086867816,8,8,1.0,2.625,False
5,199607,1996,7,held_out,251.599530062597,-0.1531697724763313,8,8,1.0,2.625,False
5,199607,1996,7,held_out,503.199060125194,-0.16660431948994095,8,8,1.0,2.625,False
5,199607,1996,7,held_out,1006.39812025039,-0.18349603633388664,8,8,1.0,2.625,False
5,199607,1996,7,held_out,2012.79624050077,-0.19911058241652124,8,8,1.0,2.625,False
5,199608,1996,8,held_out,125.799765031298,-0.09354389888436297,8,8,1.0,4.625,False
5,199608,1996,8,held_out,251.599530062597,-0.10715518400307125,8,8,1.0,4.625,False
5,199608,1996,8,held_out,503.199060125194,-0.129476968816322,8,8,1.0,4.625,False
5,199608,1996,8,held_out,1006.39812025039,-0.19825120864332835,8,8,1.0,4.625,False
5,199608,1996,8,held_out,2012.79624050077,-0.23445972988485253,8,8,1.0,4.625,False
5,199706,1997,6,held_out,125.799765031298,-0.1306028811841919,8,6,0.75,3.1666666666666665,False
5,199706,1997,6,held_out,251.599530062597,-0.17623640599905466,8,6,0.75,3.1666666666666665,False
5,199706,1997,6,held_out,503.199060125194,-0.19501707908504703,8,6,0.75,3.1666666666666665,False
5,199706,1997,6,held_out,1006.39812025039,-0.17562275435090155,8,6,0.75,3.1666666666666665,False
5,199706,1997,6,held_out,2012.79624050077,-0.15858387353555398,8,6,0.75,3.1666666666666665,False
5,199707,1997,7,held_out,125.799765031298,0.0761399763969023,8,8,1.0,3.625,False
5,199707,1997,7,held_out,251.599530062597,0.12803897674556997,8,8,1.0,3.625,False
5,199707,1997,7,held_out,503.199060125194,0.17792694508788687,8,8,1.0,3.625,False
5,199707,1997,7,held_out,1006.39812025039,0.19371441512338564,8,8,1.0,3.625,False
5,199707,1997,7,held_out,2012.79624050077,0.19093665426740797,8,8,1.0,3.625,False
5,199708,1997,8,held_out,125.799765031298,-0.14960439741485604,8,8,1.0,3.625,False
5,199708,1997,8,held_out,251.599530062597,-0.16641657162490664,8,8,1.0,3.625,False
5,199708,1997,8,held_out,503.199060125194,-0.2047223475254905,8,8,1.0,3.625,False
5,199708,1997,8,held_out,1006.39812025039,-0.24475628675341193,8,8,1.0,3.625,False
5,199708,1997,8,held_out,2012.79624050077,-0.25945110357884305,8,8,1.0,3.625,False
5,199806,1998,6,held_out,125.799765031298,-0.014122771145905613,8,8,1.0,4.375,False
5,199806,1998,6,held_out,251.599530062597,-0.011982142734027076,8,8,1.0,4.375,False
5,199806,1998,6,held_out,503.199060125194,-0.01750181945481684,8,8,1.0,4.375,False
5,199806,1998,6,held_out,1006.39812025039,-0.05703140230893755,8,8,1.0,4.375,False
5,199806,1998,6,held_out,2012.79624050077,-0.08375502132243946,8,8,1.0,4.375,False
5,199807,1998,7,held_out,125.799765031298,-0.017816546298965508,8,8,1.0,5.125,False
5,199807,1998,7,held_out,251.599530062597,0.002173436309237345,8,8,1.0,5.125,False
5,199807,1998,7,held_out,503.199060125194,0.011673498870972465,8,8,1.0,5.125,False
5,199807,1998,7,held_out,1006.39812025039,-0.01834653199163966,8,8,1.0,5.125,False
5,199807,1998,7,held_out,2012.79624050077,-0.03307223801197631,8,8,1.0,5.125,False
5,199808,1998,8,held_out,125.799765031298,0.19773932278826115,8,7,0.875,3.4285714285714284,False
5,199808,1998,8,held_out,251.599530062597,0.16568595511250056,8,7,0.875,3.4285714285714284,False
5,199808,1998,8,held_out,503.199060125194,0.11378501785538715,8,7,0.875,3.4285714285714284,False
5,199808,1998,8,held_out,1006.39812025039,0.09742813291225848,8,7,0.875,3.4285714285714284,False
5,199808,1998,8,held_out,2012.79624050077,0.10168798008004043,8,7,0.875,3.4285714285714284,False
5,199906,1999,6,held_out,125.799765031298,-0.13473136430598032,8,8,1.0,3.25,False
5,199906,1999,6,held_out,251.599530062597,-0.1520341529204268,8,8,1.0,3.25,False
5,199906,1999,6,held_out,503.199060125194,-0.1550054156171657,8,8,1.0,3.25,False
5,199906,1999,6,held_out,1006.39812025039,-0.17138409004198513,8,8,1.0,3.25,False
5,199906,1999,6,held_out,2012.79624050077,-0.19095996079528996,8,8,1.0,3.25,False
5,199907,1999,7,held_out,125.799765031298,0.009689534222123375,8,5,0.625,3.0,False
5,199907,1999,7,held_out,251.599530062597,0.01156271918795806,8,5,0.625,3.0,False
5,199907,1999,7,held_out,503.199060125194,0.008620903705226501,8,5,0.625,3.0,False
5,199907,1999,7,held_out,1006.39812025039,-0.016863739242821207,8,5,0.625,3.0,False
5,199907,1999,7,held_out,2012.79624050077,-0.03043700047994169,8,5,0.625,3.0,False
5,199908,1999,8,held_out,125.799765031298,-0.1384778055713993,8,8,1.0,6.125,False
5,199908,1999,8,held_out,251.599530062597,-0.1767337071749166,8,8,1.0,6.125,False
5,199908,1999,8,held_out,503.199060125194,-0.2119281908524798,8,8,1.0,6.125,False
5,199908,1999,8,held_out,1006.39812025039,-0.2682543422418021,8,8,1.0,6.125,False
5,199908,1999,8,held_out,2012.79624050077,-0.30526295120811586,8,8,1.0,6.125,False
5,200006,2000,6,held_out,125.799765031298,-0.05675515965390791,8,8,1.0,3.25,False
5,200006,2000,6,held_out,251.599530062597,-0.08741120813443463,8,8,1.0,3.25,False
5,200006,2000,6,held_out,503.199060125194,-0.1276245337755407,8,8,1.0,3.25,False
5,200006,2000,6,held_out,1006.39812025039,-0.1468920715313319,8,8,1.0,3.25,False
5,200006,2000,6,held_out,2012.79624050077,-0.15106965501138162,8,8,1.0,3.25,False
5,200007,2000,7,held_out,125.799765031298,-0.24566091448120525,8,8,1.0,5.25,False
5,200007,2000,7,held_out,251.599530062597,-0.3173449023317403,8,8,1.0,5.25,False
5,200007,2000,7,held_out,503.199060125194,-0.39563384144316105,8,8,1.0,5.25,False
5,200007,2000,7,held_out,1006.39812025039,-0.45133905873992447,8,8,1.0,5.25,False
5,200007,2000,7,held_out,2012.79624050077,-0.4781359394268798,8,8,1.0,5.25,False
5,200008,2000,8,held_out,125.799765031298,-0.1733903797110981,8,8,1.0,3.5,False
5,200008,2000,8,held_out,251.599530062597,-0.16798772238851845,8,8,1.0,3.5,False
5,200008,2000,8,held_out,503.199060125194,-0.15069288557078006,8,8,1.0,3.5,False
5,200008,2000,8,held_out,1006.39812025039,-0.17191671386994187,8,8,1.0,3.5,False
5,200008,2000,8,held_out,2012.79624050077,-0.19107159870690157,8,8,1.0,3.5,False
5,200106,2001,6,held_out,125.799765031298,0.004877085338357512,8,6,0.75,3.8333333333333335,False
5,200106,2001,6,held_out,251.599530062597,-0.027334033481703268,8,6,0.75,3.8333333333333335,False
5,200106,2001,6,held_out,503.199060125194,0.0011777474883372292,8,6,0.75,3.8333333333333335,False
5,200106,2001,6,held_out,1006.39812025039,0.0002745063519992523,8,6,0.75,3.8333333333333335,False
5,200106,2001,6,held_out,2012.79624050077,-0.024257237867385244,8,6,0.75,3.8333333333333335,False
5,200107,2001,7,held_out,125.799765031298,0.03903074267068542,8,8,1.0,4.0,False
5,200107,2001,7,held_out,251.599530062597,0.02632097857941801,8,8,1.0,4.0,False
5,200107,2001,7,held_out,503.199060125194,0.021157678737535962,8,8,1.0,4.0,False
5,200107,2001,7,held_out,1006.39812025039,-0.003312320380466749,8,8,1.0,4.0,False
5,200107,2001,7,held_out,2012.79624050077,-0.014994108012090626,8,8,1.0,4.0,False
5,200108,2001,8,held_out,125.799765031298,-0.11919843584816504,8,6,0.75,3.3333333333333335,False
5,200108,2001,8,held_out,251.599530062597,-0.10953014036155816,8,6,0.75,3.3333333333333335,False
5,200108,2001,8,held_out,503.199060125194,-0.13633417094451708,8,6,0.75,3.3333333333333335,False
5,200108,2001,8,held_out,1006.39812025039,-0.24547148430756385,8,6,0.75,3.3333333333333335,False
5,200108,2001,8,held_out,2012.79624050077,-0.31093517615189065,8,6,0.75,3.3333333333333335,False
5,200206,2002,6,held_out,125.799765031298,0.09155956717242977,8,8,1.0,4.625,False
5,200206,2002,6,held_out,251.599530062597,0.10746243036581954,8,8,1.0,4.625,False
5,200206,2002,6,held_out,503.199060125194,0.12264848610597782,8,8,1.0,4.625,False
5,200206,2002,6,held_out,1006.39812025039,0.09917942408500431,8,8,1.0,4.625,False
5,200206,2002,6,held_out,2012.79624050077,0.0710554787008161,8,8,1.0,4.625,False
5,200207,2002,7,held_out,125.799765031298,0.1262303520150576,8,8,1.0,3.75,False
5,200207,2002,7,held_out,251.599530062597,0.14229353215649487,8,8,1.0,3.75,False
5,200207,2002,7,held_out,503.199060125194,0.17980981129220025,8,8,1.0,3.75,False
5,200207,2002,7,held_out,1006.39812025039,0.19330244821759188,8,8,1.0,3.75,False
5,200207,2002,7,held_out,2012.79624050077,0.18821777308922588,8,8,1.0,3.75,False
5,200208,2002,8,held_out,125.799765031298,-0.1543252196571499,8,8,1.0,3.5,False
5,200208,2002,8,held_out,251.599530062597,-0.2231271921669833,8,8,1.0,3.5,False
5,200208,2002,8,held_out,503.199060125194,-0.2997612397342192,8,8,1.0,3.5,False
5,200208,2002,8,held_out,1006.39812025039,-0.36231676950933345,8,8,1.0,3.5,False
5,200208,2002,8,held_out,2012.79624050077,-0.3898030659692064,8,8,1.0,3.5,False
5,200306,2003,6,held_out,125.799765031298,-0.10990006156516015,8,8,1.0,3.75,False
5,200306,2003,6,held_out,251.599530062597,-0.14490177533688134,8,8,1.0,3.75,False
5,200306,2003,6,held_out,503.199060125194,-0.13639422437261567,8,8,1.0,3.75,False
5,200306,2003,6,held_out,1006.39812025039,-0.10526942348927858,8,8,1.0,3.75,False
5,200306,2003,6,held_out,2012.79624050077,-0.09324077822396903,8,8,1.0,3.75,False
5,200307,2003,7,held_out,125.799765031298,0.07557615610270037,8,5,0.625,3.0,False
5,200307,2003,7,held_out,251.599530062597,0.1087524106589944,8,5,0.625,3.0,False
5,200307,2003,7,held_out,503.199060125194,0.09610244998479833,8,5,0.625,3.0,False
5,200307,2003,7,held_out,1006.39812025039,-0.011007764307201651,8,5,0.625,3.0,False
5,200307,2003,7,held_out,2012.79624050077,-0.06701449715672694,8,5,0.625,3.0,False
5,200308,2003,8,held_out,125.799765031298,-0.0837185640445126,8,8,1.0,4.75,False
5,200308,2003,8,held_out,251.599530062597,-0.09511774527762745,8,8,1.0,4.75,False
5,200308,2003,8,held_out,503.199060125194,-0.12144808073857233,8,8,1.0,4.75,False
5,200308,2003,8,held_out,1006.39812025039,-0.17351639060621224,8,8,1.0,4.75,False
5,200308,2003,8,held_out,2012.79624050077,-0.19560650307655056,8,8,1.0,4.75,False
5,200406,2004,6,held_out,125.799765031298,-0.07456307900242612,8,7,0.875,2.7142857142857144,False
5,200406,2004,6,held_out,251.599530062597,-0.11643817948367075,8,7,0.875,2.7142857142857144,False
5,200406,2004,6,held_out,503.199060125194,-0.11846217808861532,8,7,0.875,2.7142857142857144,False
5,200406,2004,6,held_out,1006.39812025039,-0.11621932352856444,8,7,0.875,2.7142857142857144,False
5,200406,2004,6,held_out,2012.79624050077,-0.12015504093291614,8,7,0.875,2.7142857142857144,False
5,200407,2004,7,held_out,125.799765031298,-0.0324993925640735,8,8,1.0,3.875,False
5,200407,2004,7,held_out,251.599530062597,-0.0788425470273302,8,8,1.0,3.875,False
5,200407,2004,7,held_out,503.199060125194,-0.11256732260911798,8,8,1.0,3.875,False
5,200407,2004,7,held_out,1006.39812025039,-0.15009174497753827,8,8,1.0,3.875,False
5,200407,2004,7,held_out,2012.79624050077,-0.17230929201295198,8,8,1.0,3.875,False
5,200408,2004,8,held_out,125.799765031298,-0.04834394944682241,8,8,1.0,4.125,False
5,200408,2004,8,held_out,251.599530062597,-0.08480731771144157,8,8,1.0,4.125,False
5,200408,2004,8,held_out,503.199060125194,-0.1382765169979383,8,8,1.0,4.125,False
5,200408,2004,8,held_out,1006.39812025039,-0.2186448823421544,8,8,1.0,4.125,False
5,200408,2004,8,held_out,2012.79624050077,-0.2650529321490731,8,8,1.0,4.125,False
5,200506,2005,6,held_out,125.799765031298,-0.1516922705118559,8,5,0.625,3.0,False
5,200506,2005,6,held_out,251.599530062597,-0.19425121009670132,8,5,0.625,3.0,False
5,200506,2005,6,held_out,503.199060125194,-0.1763459212955827,8,5,0.625,3.0,False
5,200506,2005,6,held_out,1006.39812025039,-0.09436178095633999,8,5,0.625,3.0,False
5,200506,2005,6,held_out,2012.79624050077,-0.059551175446257654,8,5,0.625,3.0,False
5,200507,2005,7,held_out,125.799765031298,-0.06733104856925591,8,8,1.0,4.875,False
5,200507,2005,7,held_out,251.599530062597,-0.10995664409429065,8,8,1.0,4.875,False
5,200507,2005,7,held_out,503.199060125194,-0.1588110969326867,8,8,1.0,4.875,False
5,200507,2005,7,held_out,1006.39812025039,-0.20781125789351657,8,8,1.0,4.875,False
5,200507,2005,7,held_out,2012.79624050077,-0.23249759903780098,8,8,1.0,4.875,False
5,200508,2005,8,held_out,125.799765031298,-0.06860759074574409,8,8,1.0,3.625,False
5,200508,2005,8,held_out,251.599530062597,-0.07933427030544406,8,8,1.0,3.625,False
5,200508,2005,8,held_out,503.199060125194,-0.11387820439140356,8,8,1.0,3.625,False
5,200508,2005,8,held_out,1006.39812025039,-0.18688390876948086,8,8,1.0,3.625,False
5,200508,2005,8,held_out,2012.79624050077,-0.23166495092513584,8,8,1.0,3.625,False
5,200606,2006,6,held_out,125.799765031298,0.03784624138316987,8,7,0.875,3.7142857142857144,False
5,200606,2006,6,held_out,251.599530062597,0.05921604337927939,8,7,0.875,3.7142857142857144,False
5,200606,2006,6,held_out,503.199060125194,0.05100842539076137,8,7,0.875,3.7142857142857144,False
5,200606,2006,6,held_out,1006.39812025039,-0.024398676050257837,8,7,0.875,3.7142857142857144,False
5,200606,2006,6,held_out,2012.79624050077,-0.059191327317261545,8,7,0.875,3.7142857142857144,False
5,200607,2006,7,held_out,125.799765031298,0.05252695626928236,8,8,1.0,3.25,False
5,200607,2006,7,held_out,251.599530062597,-0.046847860688407544,8,8,1.0,3.25,False
5,200607,2006,7,held_out,503.199060125194,-0.1811482566245693,8,8,1.0,3.25,False
5,200607,2006,7,held_out,1006.39812025039,-0.24372708884280375,8,8,1.0,3.25,False
5,200607,2006,7,held_out,2012.79624050077,-0.25725176758829205,8,8,1.0,3.25,False
5,200608,2006,8,held_out,125.799765031298,-0.0877042546764929,8,8,1.0,3.375,False
5,200608,2006,8,held_out,251.599530062597,-0.11422767059489095,8,8,1.0,3.375,False
5,200608,2006,8,held_out,503.199060125194,-0.1678901734434039,8,8,1.0,3.375,False
5,200608,2006,8,held_out,1006.39812025039,-0.22698728462066226,8,8,1.0,3.375,False
5,200608,2006,8,held_out,2012.79624050077,-0.24995651914286537,8,8,1.0,3.375,False
5,200706,2007,6,held_out,125.799765031298,0.20898108270362462,8,5,0.625,3.0,False
5,200706,2007,6,held_out,251.599530062597,0.2160149616334331,8,5,0.625,3.0,False
5,200706,2007,6,held_out,503.199060125194,0.1179235768274954,8,5,0.625,3.0,False
5,200706,2007,6,held_out,1006.39812025039,0.0018547859324386628,8,5,0.625,3.0,False
5,200706,2007,6,held_out,2012.79624050077,-0.03721125287619729,8,5,0.625,3.0,False
5,200707,2007,7,held_out,125.799765031298,-0.016405884293316256,8,8,1.0,4.0,False
5,200707,2007,7,held_out,251.599530062597,0.009665911628023563,8,8,1.0,4.0,False
5,200707,2007,7,held_out,503.199060125194,0.01682186510244614,8,8,1.0,4.0,False
5,200707,2007,7,held_out,1006.39812025039,-0.04888048414206725,8,8,1.0,4.0,False
5,200707,2007,7,held_out,2012.79624050077,-0.08837393584882636,8,8,1.0,4.0,False
5,200708,2007,8,held_out,125.799765031298,0.08916836294038889,8,8,1.0,4.625,False
5,200708,2007,8,held_out,251.599530062597,0.07634539028552365,8,8,1.0,4.625,False
5,200708,2007,8,held_out,503.199060125194,0.009467356306917682,8,8,1.0,4.625,False
5,200708,2007,8,held_out,1006.39812025039,-0.11081522080910805,8,8,1.0,4.625,False
5,200708,2007,8,held_out,2012.79624050077,-0.17136783953776696,8,8,1.0,4.625,False
5,200806,2008,6,held_out,125.799765031298,-0.07059265015074052,8,8,1.0,3.625,False
5,200806,2008,6,held_out,251.599530062597,-0.0690692112667196,8,8,1.0,3.625,False
5,200806,2008,6,held_out,503.199060125194,-0.0307792875136427,8,8,1.0,3.625,False
5,200806,2008,6,held_out,1006.39812025039,-0.032246346023707795,8,8,1.0,3.625,False
5,200806,2008,6,held_out,2012.79624050077,-0.04628372772178882,8,8,1.0,3.625,False
5,200807,2008,7,held_out,125.799765031298,0.04280766520151239,8,7,0.875,3.142857142857143,False
5,200807,2008,7,held_out,251.599530062597,0.0715329069933482,8,7,0.875,3.142857142857143,False
5,200807,2008,7,held_out,503.199060125194,0.056648420074859006,8,7,0.875,3.142857142857143,False
5,200807,2008,7,held_out,1006.39812025039,0.009345446742495631,8,7,0.875,3.142857142857143,False
5,200807,2008,7,held_out,2012.79624050077,0.0012890976577268581,8,7,0.875,3.142857142857143,False
5,200808,2008,8,held_out,125.799765031298,-0.052907371288187205,8,8,1.0,4.875,False
5,200808,2008,8,held_out,251.599530062597,-0.11361544468344925,8,8,1.0,4.875,False
5,200808,2008,8,held_out,503.199060125194,-0.18599935984661584,8,8,1.0,4.875,False
5,200808,2008,8,held_out,1006.39812025039,-0.23612868782401994,8,8,1.0,4.875,False
5,200808,2008,8,held_out,2012.79624050077,-0.25504406474774205,8,8,1.0,4.875,False
5,200906,2009,6,held_out,125.799765031298,-0.1016003318839867,8,8,1.0,5.125,False
5,200906,2009,6,held_out,251.599530062597,-0.11482395994697492,8,8,1.0,5.125,False
5,200906,2009,6,held_out,503.199060125194,-0.13140559909527538,8,8,1.0,5.125,False
5,200906,2009,6,held_out,1006.39812025039,-0.17229001125088997,8,8,1.0,5.125,False
5,200906,2009,6,held_out,2012.79624050077,-0.18955709435731863,8,8,1.0,5.125,False
5,200907,2009,7,held_out,125.799765031298,-0.014295309027406403,8,8,1.0,3.875,False
5,200907,2009,7,held_out,251.599530062597,-0.0010048288069954836,8,8,1.0,3.875,False
5,200907,2009,7,held_out,503.199060125194,-0.03441680514245611,8,8,1.0,3.875,False
5,200907,2009,7,held_out,1006.39812025039,-0.10828028766618701,8,8,1.0,3.875,False
5,200907,2009,7,held_out,2012.79624050077,-0.14597580663774967,8,8,1.0,3.875,False
5,200908,2009,8,held_out,125.799765031298,-0.19372451433425691,8,8,1.0,5.25,False
5,200908,2009,8,held_out,251.599530062597,-0.20086633791736672,8,8,1.0,5.25,False
5,200908,2009,8,held_out,503.199060125194,-0.214814662806809,8,8,1.0,5.25,False
5,200908,2009,8,held_out,1006.39812025039,-0.22781116318547695,8,8,1.0,5.25,False
5,200908,2009,8,held_out,2012.79624050077,-0.23409063520887152,8,8,1.0,5.25,False
5,201006,2010,6,held_out,125.799765031298,0.02121847987457612,8,8,1.0,5.0,False
5,201006,2010,6,held_out,251.599530062597,0.08995810120440885,8,8,1.0,5.0,False
5,201006,2010,6,held_out,503.199060125194,0.22385728365687296,8,8,1.0,5.0,False
5,201006,2010,6,held_out,1006.39812025039,0.2652033201237548,8,8,1.0,5.0,False
5,201006,2010,6,held_out,2012.79624050077,0.23437636557400257,8,8,1.0,5.0,False
5,201007,2010,7,held_out,125.799765031298,-0.10497309857872494,8,5,0.625,3.0,False
5,201007,2010,7,held_out,251.599530062597,-0.13166147106361512,8,5,0.625,3.0,False
5,201007,2010,7,held_out,503.199060125194,-0.18517291123819093,8,5,0.625,3.0,False
5,201007,2010,7,held_out,1006.39812025039,-0.24461759084178833,8,5,0.625,3.0,False
5,201007,2010,7,held_out,2012.79624050077,-0.2682830762632187,8,5,0.625,3.0,False
5,201008,2010,8,held_out,125.799765031298,-0.026951247581222443,8,8,1.0,5.25,False
5,201008,2010,8,held_out,251.599530062597,-0.05258601705438311,8,8,1.0,5.25,False
5,201008,2010,8,held_out,503.199060125194,-0.11762006282219223,8,8,1.0,5.25,False
5,201008,2010,8,held_out,1006.39812025039,-0.19462249417476798,8,8,1.0,5.25,False
5,201008,2010,8,held_out,2012.79624050077,-0.2294842923972853,8,8,1.0,5.25,False
5,201106,2011,6,held_out,125.799765031298,-0.05396107235741757,8,8,1.0,4.375,False
5,201106,2011,6,held_out,251.599530062597,-0.040791562123010744,8,8,1.0,4.375,False
5,201106,2011,6,held_out,503.199060125194,-0.009738418584678235,8,8,1.0,4.375,False
5,201106,2011,6,held_out,1006.39812025039,-0.05343151784120839,8,8,1.0,4.375,False
5,201106,2011,6,held_out,2012.79624050077,-0.09429383721757743,8,8,1.0,4.375,False
5,201107,2011,7,held_out,125.799765031298,0.006540103676021175,8,8,1.0,4.0,False
5,201107,2011,7,held_out,251.599530062597,-0.011407436150770695,8,8,1.0,4.0,False
5,201107,2011,7,held_out,503.199060125194,-0.02937754420936209,8,8,1.0,4.0,False
5,201107,2011,7,held_out,1006.39812025039,-0.07699070746085299,8,8,1.0,4.0,False
5,201107,2011,7,held_out,2012.79624050077,-0.10871906158225561,8,8,1.0,4.0,False
5,201108,2011,8,held_out,125.799765031298,-0.02554816218543557,8,8,1.0,3.375,False
5,201108,2011,8,held_out,251.599530062597,-0.06507567656682882,8,8,1.0,3.375,False
5,201108,2011,8,held_out,503.199060125194,-0.11861787672742755,8,8,1.0,3.375,False
5,201108,2011,8,held_out,1006.39812025039,-0.18203985063188585,8,8,1.0,3.375,False
5,201108,2011,8,held_out,2012.79624050077,-0.2109906561713875,8,8,1.0,3.375,False
5,201206,2012,6,held_out,125.799765031298,-0.0686212706653482,8,5,0.625,3.0,False
5,201206,2012,6,held_out,251.599530062597,-0.12091510494561789,8,5,0.625,3.0,False
5,201206,2012,6,held_out,503.199060125194,-0.1544642680164024,8,5,0.625,3.0,False
5,201206,2012,6,held_out,1006.39812025039,-0.15862400030134272,8,5,0.625,3.0,False
5,201206,2012,6,held_out,2012.79624050077,-0.1577905082435851,8,5,0.625,3.0,False
5,201207,2012,7,held_out,125.799765031298,-0.1574823194657029,8,8,1.0,4.875,False
5,201207,2012,7,held_out,251.599530062597,-0.2233014950086386,8,8,1.0,4.875,False
5,201207,2012,7,held_out,503.199060125194,-0.3021588763179214,8,8,1.0,4.875,False
5,201207,2012,7,held_out,1006.39812025039,-0.3377837263590388,8,8,1.0,4.875,False
5,201207,2012,7,held_out,2012.79624050077,-0.3482857443037316,8,8,1.0,4.875,False
5,201208,2012,8,held_out,125.799765031298,-0.13482616714495937,8,8,1.0,5.25,False
5,201208,2012,8,held_out,251.599530062597,-0.17576773947437613,8,8,1.0,5.25,False
5,201208,2012,8,held_out,503.199060125194,-0.22641042682248108,8,8,1.0,5.25,False
5,201208,2012,8,held_out,1006.39812025039,-0.27141488662754776,8,8,1.0,5.25,False
5,201208,2012,8,held_out,2012.79624050077,-0.2919088489772276,8,8,1.0,5.25,False
5,201306,2013,6,held_out,125.799765031298,0.01835772730291721,8,8,1.0,4.625,False
5,201306,2013,6,held_out,251.599530062597,0.05025465932240056,8,8,1.0,4.625,False
5,201306,2013,6,held_out,503.199060125194,0.09458530827613905,8,8,1.0,4.625,False
5,201306,2013,6,held_out,1006.39812025039,0.06505958910044722,8,8,1.0,4.625,False
5,201306,2013,6,held_out,2012.79624050077,0.042782042469518514,8,8,1.0,4.625,False
5,201307,2013,7,held_out,125.799765031298,-0.042585875622713765,8,8,1.0,4.75,False
5,201307,2013,7,held_out,251.599530062597,-0.05124132227143971,8,8,1.0,4.75,False
5,201307,2013,7,held_out,503.199060125194,-0.08603840154426841,8,8,1.0,4.75,False
5,201307,2013,7,held_out,1006.39812025039,-0.12092994318781441,8,8,1.0,4.75,False
5,201307,2013,7,held_out,2012.79624050077,-0.13055452216805596,8,8,1.0,4.75,False
5,201308,2013,8,held_out,125.799765031298,-0.06511798374849977,8,8,1.0,4.875,False
5,201308,2013,8,held_out,251.599530062597,-0.14582250222212303,8,8,1.0,4.875,False
5,201308,2013,8,held_out,503.199060125194,-0.23297719294060487,8,8,1.0,4.875,False
5,201308,2013,8,held_out,1006.39812025039,-0.2835342847335073,8,8,1.0,4.875,False
5,201308,2013,8,held_out,2012.79624050077,-0.3008513994082219,8,8,1.0,4.875,False
5,201406,2014,6,held_out,125.799765031298,0.06971839569811854,8,7,0.875,4.0,False
5,201406,2014,6,held_out,251.599530062597,0.061757927392501855,8,7,0.875,4.0,False
5,201406,2014,6,held_out,503.199060125194,0.09743169667032082,8,7,0.875,4.0,False
5,201406,2014,6,held_out,1006.39812025039,0.17449777595350932,8,7,0.875,4.0,False
5,201406,2014,6,held_out,2012.79624050077,0.19881067448373216,8,7,0.875,4.0,False
5,201407,2014,7,held_out,125.799765031298,-0.03166311981509927,8,8,1.0,3.25,False
5,201407,2014,7,held_out,251.599530062597,-0.03349504289504644,8,8,1.0,3.25,False
5,201407,2014,7,held_out,503.199060125194,-0.045720601547532436,8,8,1.0,3.25,False
5,201407,2014,7,held_out,1006.39812025039,-0.09378940732007299,8,8,1.0,3.25,False
5,201407,2014,7,held_out,2012.79624050077,-0.1171058412885178,8,8,1.0,3.25,False
5,201408,2014,8,held_out,125.799765031298,0.2128148293845248,8,6,0.75,2.5,False
5,201408,2014,8,held_out,251.599530062597,0.24336349864969753,8,6,0.75,2.5,False
5,201408,2014,8,held_out,503.199060125194,0.2610246620401762,8,6,0.75,2.5,False
5,201408,2014,8,held_out,1006.39812025039,0.21373040280568842,8,6,0.75,2.5,False
5,201408,2014,8,held_out,2012.79624050077,0.18256305207923582,8,6,0.75,2.5,False
5,201506,2015,6,discovery,125.799765031298,0.08011601808513613,8,5,0.625,3.0,False
5,201506,2015,6,discovery,251.599530062597,0.03438733055044587,8,5,0.625,3.0,False
5,201506,2015,6,discovery,503.199060125194,-0.02224509948689306,8,5,0.625,3.0,False
5,201506,2015,6,discovery,1006.39812025039,-0.10168080792620851,8,5,0.625,3.0,False
5,201506,2015,6,discovery,2012.79624050077,-0.1555866052545462,8,5,0.625,3.0,False
5,201507,2015,7,discovery,125.799765031298,-0.23822194292936633,8,8,1.0,4.75,False
5,201507,2015,7,discovery,251.599530062597,-0.235061974401849,8,8,1.0,4.75,False
5,201507,2015,7,discovery,503.199060125194,-0.20434109156637728,8,8,1.0,4.75,False
5,201507,2015,7,discovery,1006.39812025039,-0.20032213862012005,8,8,1.0,4.75,False
5,201507,2015,7,discovery,2012.79624050077,-0.20499672427763088,8,8,1.0,4.75,False
5,201508,2015,8,discovery,125.799765031298,-0.14498083754219065,8,8,1.0,4.625,False
5,201508,2015,8,discovery,251.599530062597,-0.1708861149143505,8,8,1.0,4.625,False
5,201508,2015,8,discovery,503.199060125194,-0.2564065564602094,8,8,1.0,4.625,False
5,201508,2015,8,discovery,1006.39812025039,-0.3053572257687055,8,8,1.0,4.625,False
5,201508,2015,8,discovery,2012.79624050077,-0.3081057729410124,8,8,1.0,4.625,False
5,201606,2016,6,held_out,125.799765031298,0.14373177173361928,8,8,1.0,2.5,False
5,201606,2016,6,held_out,251.599530062597,0.19459281890721086,8,8,1.0,2.5,False
5,201606,2016,6,held_out,503.199060125194,0.2541081726507678,8,8,1.0,2.5,False
5,201606,2016,6,held_out,1006.39812025039,0.18236877106617008,8,8,1.0,2.5,False
5,201606,2016,6,held_out,2012.79624050077,0.12243554346730325,8,8,1.0,2.5,False
5,201607,2016,7,held_out,125.799765031298,0.004129686002904656,8,8,1.0,5.75,False
5,201607,2016,7,held_out,251.599530062597,-0.036322957649016024,8,8,1.0,5.75,False
5,201607,2016,7,held_out,503.199060125194,-0.11273630809985401,8,8,1.0,5.75,False
5,201607,2016,7,held_out,1006.39812025039,-0.15371319771697484,8,8,1.0,5.75,False
5,201607,2016,7,held_out,2012.79624050077,-0.1590912378648503,8,8,1.0,5.75,False
5,201608,2016,8,held_out,125.799765031298,0.13592550735533232,8,8,1.0,5.625,False
5,201608,2016,8,held_out,251.599530062597,0.14884768927065953,8,8,1.0,5.625,False
5,201608,2016,8,held_out,503.199060125194,0.14440937548262742,8,8,1.0,5.625,False
5,201608,2016,8,held_out,1006.39812025039,0.13189427708871915,8,8,1.0,5.625,False
5,201608,2016,8,held_out,2012.79624050077,0.12359414178264035,8,8,1.0,5.625,False
5,201706,2017,6,held_out,125.799765031298,-0.11653355824746195,8,8,1.0,3.625,False
5,201706,2017,6,held_out,251.599530062597,-0.12446090783261347,8,8,1.0,3.625,False
5,201706,2017,6,held_out,503.199060125194,-0.09606481354467414,8,8,1.0,3.625,False
5,201706,2017,6,held_out,1006.39812025039,-0.07910583133453178,8,8,1.0,3.625,False
5,201706,2017,6,held_out,2012.79624050077,-0.07985813046545527,8,8,1.0,3.625,False
5,201707,2017,7,held_out,125.799765031298,-0.0756340334456258,8,8,1.0,4.5,False
5,201707,2017,7,held_out,251.599530062597,-0.06338136206116977,8,8,1.0,4.5,False
5,201707,2017,7,held_out,503.199060125194,-0.09121801032807732,8,8,1.0,4.5,False
5,201707,2017,7,held_out,1006.39812025039,-0.1421788491667158,8,8,1.0,4.5,False
5,201707,2017,7,held_out,2012.79624050077,-0.16908658777717595,8,8,1.0,4.5,False
5,201708,2017,8,held_out,125.799765031298,0.024496673216449088,8,6,0.75,3.5,False
5,201708,2017,8,held_out,251.599530062597,0.05328342768219598,8,6,0.75,3.5,False
5,201708,2017,8,held_out,503.199060125194,0.08262996758795403,8,6,0.75,3.5,False
5,201708,2017,8,held_out,1006.39812025039,0.06491605441136257,8,6,0.75,3.5,False
5,201708,2017,8,held_out,2012.79624050077,0.04751654446475837,8,6,0.75,3.5,False
5,201806,2018,6,held_out,125.799765031298,0.07320211201195995,8,5,0.625,3.0,False
5,201806,2018,6,held_out,251.599530062597,0.1458567660255654,8,5,0.625,3.0,False
5,201806,2018,6,held_out,503.199060125194,0.22243401746410219,8,5,0.625,3.0,False
5,201806,2018,6,held_out,1006.39812025039,0.08857647759797609,8,5,0.625,3.0,False
5,201806,2018,6,held_out,2012.79624050077,-0.012152123530186642,8,5,0.625,3.0,False
5,201807,2018,7,held_out,125.799765031298,-0.10620893851092172,8,8,1.0,5.125,False
5,201807,2018,7,held_out,251.599530062597,-0.16838826110679622,8,8,1.0,5.125,False
5,201807,2018,7,held_out,503.199060125194,-0.23490777400423857,8,8,1.0,5.125,False
5,201807,2018,7,held_out,1006.39812025039,-0.2775027613554009,8,8,1.0,5.125,False
5,201807,2018,7,held_out,2012.79624050077,-0.29557277041013175,8,8,1.0,5.125,False
5,201808,2018,8,held_out,125.799765031298,-0.08227804803285735,8,8,1.0,3.625,False
5,201808,2018,8,held_out,251.599530062597,-0.053915068959161414,8,8,1.0,3.625,False
5,201808,2018,8,held_out,503.199060125194,0.014252645874628711,8,8,1.0,3.625,False
5,201808,2018,8,held_out,1006.39812025039,0.05088652641330994,8,8,1.0,3.625,False
5,201808,2018,8,held_out,2012.79624050077,0.05452737958028857,8,8,1.0,3.625,False
5,201906,2019,6,held_out,125.799765031298,0.09221493184698289,8,8,1.0,4.0,False
5,201906,2019,6,held_out,251.599530062597,0.14364720844655066,8,8,1.0,4.0,False
5,201906,2019,6,held_out,503.199060125194,0.3131186786075572,8,8,1.0,4.0,False
5,201906,2019,6,held_out,1006.39812025039,0.45453598312416166,8,8,1.0,4.0,False
5,201906,2019,6,held_out,2012.79624050077,0.4705705008575989,8,8,1.0,4.0,False
5,201907,2019,7,held_out,125.799765031298,-0.08255093673427391,8,8,1.0,5.625,False
5,201907,2019,7,held_out,251.599530062597,-0.1259223854010761,8,8,1.0,5.625,False
5,201907,2019,7,held_out,503.199060125194,-0.1710843090203032,8,8,1.0,5.625,False
5,201907,2019,7,held_out,1006.39812025039,-0.1728759331344768,8,8,1.0,5.625,False
5,201907,2019,7,held_out,2012.79624050077,-0.166423512935234,8,8,1.0,5.625,False
5,201908,2019,8,held_out,125.799765031298,-0.04288325841629463,8,8,1.0,3.5,False
5,201908,2019,8,held_out,251.599530062597,-0.02561644781522257,8,8,1.0,3.5,False
5,201908,2019,8,held_out,503.199060125194,-0.0068214111381730835,8,8,1.0,3.5,False
5,201908,2019,8,held_out,1006.39812025039,-0.00880767641711487,8,8,1.0,3.5,False
5,201908,2019,8,held_out,2012.79624050077,-0.015523081872561309,8,8,1.0,3.5,False
5,202006,2020,6,held_out,125.799765031298,0.12315810156588763,8,6,0.75,3.1666666666666665,False
5,202006,2020,6,held_out,251.599530062597,0.1635658525315699,8,6,0.75,3.1666666666666665,False
5,202006,2020,6,held_out,503.199060125194,0.18192182616947297,8,6,0.75,3.1666666666666665,False
5,202006,2020,6,held_out,1006.39812025039,0.11586977799638808,8,6,0.75,3.1666666666666665,False
5,202006,2020,6,held_out,2012.79624050077,0.0814601147154516,8,6,0.75,3.1666666666666665,False
5,202007,2020,7,held_out,125.799765031298,-9.38693167231025e-05,8,8,1.0,3.5,False
5,202007,2020,7,held_out,251.599530062597,-0.03379135610775366,8,8,1.0,3.5,False
5,202007,2020,7,held_out,503.199060125194,-0.05198955955866462,8,8,1.0,3.5,False
5,202007,2020,7,held_out,1006.39812025039,-0.08049310754535452,8,8,1.0,3.5,False
5,202007,2020,7,held_out,2012.79624050077,-0.09484038320142973,8,8,1.0,3.5,False
5,202008,2020,8,held_out,125.799765031298,0.09778732620048841,8,8,1.0,4.625,False
5,202008,2020,8,held_out,251.599530062597,0.06623336323038564,8,8,1.0,4.625,False
5,202008,2020,8,held_out,503.199060125194,0.012194169722752862,8,8,1.0,4.625,False
5,202008,2020,8,held_out,1006.39812025039,-0.021236299562872055,8,8,1.0,4.625,False
5,202008,2020,8,held_out,2012.79624050077,-0.027538041992760942,8,8,1.0,4.625,False
5,202106,2021,6,held_out,125.799765031298,-0.13489184388224443,8,8,1.0,5.125,False
5,202106,2021,6,held_out,251.599530062597,-0.13129723627555678,8,8,1.0,5.125,False
5,202106,2021,6,held_out,503.199060125194,-0.13335059860483056,8,8,1.0,5.125,False
5,202106,2021,6,held_out,1006.39812025039,-0.15488026682954453,8,8,1.0,5.125,False
5,202106,2021,6,held_out,2012.79624050077,-0.17523524637061905,8,8,1.0,5.125,False
5,202107,2021,7,held_out,125.799765031298,-0.0424598513944555,8,8,1.0,5.5,False
5,202107,2021,7,held_out,251.599530062597,-0.03486800201325102,8,8,1.0,5.5,False
5,202107,2021,7,held_out,503.199060125194,-0.03653476642531628,8,8,1.0,5.5,False
5,202107,2021,7,held_out,1006.39812025039,-0.06418250166159103,8,8,1.0,5.5,False
5,202107,2021,7,held_out,2012.79624050077,-0.0808546832688202,8,8,1.0,5.5,False
5,202108,2021,8,held_out,125.799765031298,-0.12343260607672048,8,8,1.0,4.75,False
5,202108,2021,8,held_out,251.599530062597,-0.15923738911687446,8,8,1.0,4.75,False
5,202108,2021,8,held_out,503.199060125194,-0.1855245549116012,8,8,1.0,4.75,False
5,202108,2021,8,held_out,1006.39812025039,-0.1976039661641872,8,8,1.0,4.75,False
5,202108,2021,8,held_out,2012.79624050077,-0.19753225701798877,8,8,1.0,4.75,False
5,202206,2022,6,discovery,125.799765031298,-0.06681082408829392,8,8,1.0,4.0,False
5,202206,2022,6,discovery,251.599530062597,-0.062380278420370694,8,8,1.0,4.0,False
5,202206,2022,6,discovery,503.199060125194,-0.0683693660540359,8,8,1.0,4.0,False
5,202206,2022,6,discovery,1006.39812025039,-0.08423705225671685,8,8,1.0,4.0,False
5,202206,2022,6,discovery,2012.79624050077,-0.09469455337354983,8,8,1.0,4.0,False
5,202207,2022,7,discovery,125.799765031298,0.13609518014838537,8,8,1.0,4.0,False
5,202207,2022,7,discovery,251.599530062597,0.06678494990137471,8,8,1.0,4.0,False
5,202207,2022,7,discovery,503.199060125194,-0.02088018650576437,8,8,1.0,4.0,False
5,202207,2022,7,discovery,1006.39812025039,-0.07264842421516374,8,8,1.0,4.0,False
5,202207,2022,7,discovery,2012.79624050077,-0.09296929285963075,8,8,1.0,4.0,False
5,202208,2022,8,discovery,125.799765031298,-0.08878500971535935,8,8,1.0,4.5,False
5,202208,2022,8,discovery,251.599530062597,-0.08706570572070155,8,8,1.0,4.5,False
5,202208,2022,8,discovery,503.199060125194,-0.14321349539989825,8,8,1.0,4.5,False
5,202208,2022,8,discovery,1006.39812025039,-0.2168496927673049,8,8,1.0,4.5,False
5,202208,2022,8,discovery,2012.79624050077,-0.2613661349907815,8,8,1.0,4.5,False
5,202306,2023,6,held_out,125.799765031298,0.15645226811992968,8,8,1.0,4.75,False
5,202306,2023,6,held_out,251.599530062597,0.21996542386519435,8,8,1.0,4.75,False
5,202306,2023,6,held_out,503.199060125194,0.3631144974424599,8,8,1.0,4.75,False
5,202306,2023,6,held_out,1006.39812025039,0.45769969291298973,8,8,1.0,4.75,False
5,202306,2023,6,held_out,2012.79624050077,0.46679247316304157,8,8,1.0,4.75,False
5,202307,2023,7,held_out,125.799765031298,-0.07627606290735062,8,8,1.0,4.5,False
5,202307,2023,7,held_out,251.599530062597,-0.12138985000548917,8,8,1.0,4.5,False
5,202307,2023,7,held_out,503.199060125194,-0.1673561484392576,8,8,1.0,4.5,False
5,202307,2023,7,held_out,1006.39812025039,-0.21462525258143075,8,8,1.0,4.5,False
5,202307,2023,7,held_out,2012.79624050077,-0.23919435827620686,8,8,1.0,4.5,False
5,202308,2023,8,held_out,125.799765031298,-0.03200763667593899,8,8,1.0,3.375,False
5,202308,2023,8,held_out,251.599530062597,-0.04947975981476735,8,8,1.0,3.375,False
5,202308,2023,8,held_out,503.199060125194,-0.16363913034835853,8,8,1.0,3.375,False
5,202308,2023,8,held_out,1006.39812025039,-0.27413842927136084,8,8,1.0,3.375,False
5,202308,2023,8,held_out,2012.79624050077,-0.3122131321343994,8,8,1.0,3.375,False
5,202406,2024,6,held_out,125.799765031298,-0.027725243999385224,8,8,1.0,6.375,False
5,202406,2024,6,held_out,251.599530062597,-0.033828360101135796,8,8,1.0,6.375,False
5,202406,2024,6,held_out,503.199060125194,-0.015696464948811592,8,8,1.0,6.375,False
5,202406,2024,6,held_out,1006.39812025039,-0.03312546847020123,8,8,1.0,6.375,False
5,202406,2024,6,held_out,2012.79624050077,-0.061596038627891564,8,8,1.0,6.375,False
5,202407,2024,7,held_out,125.799765031298,0.04328669864383122,8,8,1.0,4.5,False
5,202407,2024,7,held_out,251.599530062597,0.035752431776051766,8,8,1.0,4.5,False
5,202407,2024,7,held_out,503.199060125194,0.0017154804504159321,8,8,1.0,4.5,False
5,202407,2024,7,held_out,1006.39812025039,-0.05681730069059297,8,8,1.0,4.5,False
5,202407,2024,7,held_out,2012.79624050077,-0.08929878007503889,8,8,1.0,4.5,False
5,202408,2024,8,held_out,125.799765031298,-0.007023273857736337,8,8,1.0,2.5,False
5,202408,2024,8,held_out,251.599530062597,-0.06352032737958807,8,8,1.0,2.5,False
5,202408,2024,8,held_out,503.199060125194,-0.12402569237252074,8,8,1.0,2.5,False
5,202408,2024,8,held_out,1006.39812025039,-0.13852003106437188,8,8,1.0,2.5,False
5,202408,2024,8,held_out,2012.79624050077,-0.133915920866168,8,8,1.0,2.5,False
5,202506,2025,6,held_out,125.799765031298,-0.04874856919162536,8,8,1.0,4.25,False
5,202506,2025,6,held_out,251.599530062597,-0.028910728555349624,8,8,1.0,4.25,False
5,202506,2025,6,held_out,503.199060125194,-0.011418554043383086,8,8,1.0,4.25,False
5,202506,2025,6,held_out,1006.39812025039,-0.05400361709138515,8,8,1.0,4.25,False
5,202506,2025,6,held_out,2012.79624050077,-0.0891893073560168,8,8,1.0,4.25,False
5,202507,2025,7,held_out,125.799765031298,-0.12617643457196237,8,8,1.0,4.125,False
5,202507,2025,7,held_out,251.599530062597,-0.14153365554626024,8,8,1.0,4.125,False
5,202507,2025,7,held_out,503.199060125194,-0.15256010792856792,8,8,1.0,4.125,False
5,202507,2025,7,held_out,1006.39812025039,-0.16580833271741724,8,8,1.0,4.125,False
5,202507,2025,7,held_out,2012.79624050077,-0.17443957418854988,8,8,1.0,4.125,False
5,202508,2025,8,held_out,125.799765031298,-0.10945088692793142,8,6,0.75,3.8333333333333335,False
5,202508,2025,8,held_out,251.599530062597,-0.12404140251549738,8,6,0.75,3.8333333333333335,False
5,202508,2025,8,held_out,503.199060125194,-0.14934489029854706,8,6,0.75,3.8333333333333335,False
5,202508,2025,8,held_out,1006.39812025039,-0.20115751549915836,8,6,0.75,3.8333333333333335,False
5,202508,2025,8,held_out,2012.79624050077,-0.23199920585044675,8,6,0.75,3.8333333333333335,False
